index,expected_ms,observed_ms,offset_ms
0,65.611633,37.904620,-27.707013
1,190.611633,192.756216,2.144584
2,315.611633,296.195847,-19.415785
3,440.611633,451.839504,11.227872
4,565.611633,558.840947,-6.770686
5,690.611633,711.172764,20.561132
6,815.611633,814.737470,-0.874163
7,940.611633,914.134368,-26.477264
8,1065.611633,1067.902108,2.290475
9,1190.611633,1170.133584,-20.478048
10,1315.611633,1325.672866,10.061233
11,1440.611633,1429.320802,-11.290831
12,1565.611633,1586.318657,20.707024
13,1690.611633,1690.903951,0.292319
14,1815.611633,1797.424586,-18.187046
15,1940.611633,1945.151962,4.540329
16,2065.611633,2068.255965,2.644333
17,2190.611633,2207.089281,16.477649
18,2315.611633,2309.300200,-6.311432
19,2440.611633,2462.235365,21.623732
20,2565.611633,2562.633912,-2.977721
21,2690.611633,2665.571268,-25.040364
22,2815.611633,2818.797877,3.186244
23,2940.611633,2919.279729,-21.331904
24,3065.611633,3073.985400,8.373768
25,3190.611633,3180.007818,-10.603814
26,3315.611633,3329.610283,13.998650
27,3440.611633,3434.903796,-5.707837
28,3565.611633,3544.007341,-21.604292
29,3690.611633,3692.422747,1.811114
30,3815.611633,3799.570068,-16.041564
31,3940.611633,3956.714431,16.102798
32,4065.611633,4064.965665,-0.645967
33,4190.611633,4170.028970,-20.582663
34,4315.611633,4322.360318,6.748686
35,4440.611633,4433.090138,-7.521494
36,4565.611633,4581.985190,16.373558
37,4690.611633,4684.487659,-6.123974
38,4815.611633,4838.422856,22.811223
39,4940.611633,4937.800762,-2.810870
40,5065.611633,5052.047986,-13.563647
41,5190.611633,5205.380993,14.769361
42,5315.611633,5309.508177,-6.103456
43,5440.611633,5411.737969,-28.873664
44,5565.611633,5568.589550,2.977917
45,5690.611633,5668.238222,-22.373411
46,5815.611633,5822.714590,7.102957
47,5940.611633,5930.424132,-10.187501
48,6065.611633,6077.297756,11.686124
49,6190.611633,6182.716267,-7.895366
50,6315.611633,6287.091687,-28.519945
51,6440.611633,6440.297832,-0.313800
52,6565.611633,6540.842208,-24.769424
53,6690.611633,6696.360400,5.748768
54,6815.611633,6800.091633,-15.519999
55,6940.611633,6949.339503,8.727870
56,7065.611633,7054.112245,-11.499388
57,7190.611633,7208.506153,17.894521
58,7315.611633,7317.236398,1.624765
59,7440.611633,7435.714403,-4.897230
60,7565.611633,7574.630958,9.019325
61,7690.611633,7679.278900,-11.332733
62,7815.611633,7831.922805,16.311172
63,7940.611633,7933.633650,-6.977983
64,8065.611633,8037.196112,-28.415521
65,8190.611633,8191.714534,1.102902
66,8315.611633,8294.612607,-20.999025
67,8440.611633,8448.339519,7.727886
68,8565.611633,8550.091986,-15.519647
69,8690.611633,8704.902037,14.290405
70,8815.611633,8809.154019,-6.457613
71,8940.611633,8961.860318,21.248685
72,9065.611633,9062.092271,-3.519361
73,9190.611633,9166.925066,-23.686567
74,9315.611633,9321.152010,5.540378
75,9440.611633,9423.425217,-17.186415
76,9565.611633,9589.756202,24.144570
77,9690.611633,9691.154558,0.542925
78,9815.611633,9794.300358,-21.311275
79,9940.611633,9944.235373,3.623740
80,10065.611633,10050.341136,-15.270497
81,10190.611633,10210.714452,20.102819
82,10315.611633,10307.426229,-8.185403
83,10440.611633,10458.714648,18.103015
84,10565.611633,10562.362484,-3.249149
85,10690.611633,10663.634011,-26.977621
86,10815.611633,10818.068740,2.457107
87,10940.611633,10920.466879,-20.144753
88,11065.611633,11071.402022,5.790390
89,11190.611633,11174.758359,-15.853274
90,11315.611633,11347.714509,32.102877
91,11440.611633,11437.614893,-2.996739
92,11565.611633,11544.320746,-21.290887
93,11690.611633,11703.693670,13.082037
94,11815.611633,11810.840915,-4.770718
95,11940.611633,11911.821477,-28.790156
96,12065.611633,12069.797913,4.186281
97,12190.611633,12172.508491,-18.103141
98,12315.611633,12327.860355,12.248722
99,12440.611633,12437.236268,-3.375365
100,12565.611633,12568.985216,3.373584
101,12690.611633,12674.195466,-16.416166
102,12815.611633,12827.131132,11.519500
103,12940.611633,12928.904479,-11.707154
104,13065.611633,13080.464540,14.852907
105,13190.611633,13185.362217,-5.249416
106,13315.611633,13296.840162,-18.771470
107,13440.611633,13447.256035,6.644402
108,13565.611633,13551.320702,-14.290931
109,13690.611633,13707.756152,17.144520
110,13815.611633,13807.800637,-7.810995
111,13940.611633,13962.027068,21.415436
112,14065.611633,14059.967697,-5.643936
113,14190.611633,14165.216695,-25.394937
114,14315.611633,14320.360337,4.748704
115,14440.611633,14423.216776,-17.394856
116,14565.611633,14576.506188,10.894555
117,14690.611633,14679.362620,-11.249012
118,14815.611633,14833.339521,17.727888
119,14940.611633,14935.841852,-4.769781
120,15065.611633,15038.092182,-27.519450
121,15190.611633,15192.256218,1.644585
122,15315.611633,15301.861216,-13.750416
123,15440.611633,15454.964375,14.352743
124,15565.611633,15557.175211,-8.436422
125,15690.611633,15710.547857,19.936224
126,15815.611633,15812.966869,-2.644764
127,15940.611633,15923.882000,-16.729633
128,16065.611633,16067.235217,1.623584
129,16190.611633,16172.924535,-17.687097
130,16315.611633,16325.568624,9.956992
131,16440.611633,16428.466763,-12.144870
132,16565.611633,16580.402021,14.790388
133,16690.611633,16686.049562,-4.562071
134,16815.611633,16840.089458,24.477826
135,16940.611633,16945.257985,4.646353
136,17065.611633,17059.881138,-5.730495
137,17190.611633,17208.026802,17.415169
138,17315.611633,17309.029602,-6.582031
139,17440.611633,17464.756217,24.144584
140,17565.611633,17562.717688,-2.893945
141,17690.611633,17666.175393,-24.436239
142,17815.611633,17824.214545,8.602912
143,17940.611633,17923.863217,-16.748415
144,18065.611633,18074.360419,8.748787
145,18190.611633,18177.862500,-12.749132
146,18315.611633,18334.652004,19.040371
147,18440.611633,18443.090629,2.478997
148,18565.611633,18595.401905,29.790272
149,18690.611633,18695.967198,5.355566
150,18815.611633,18798.633818,-16.977815
151,18940.611633,18953.381215,12.769582
152,19065.611633,19060.695052,-4.916581
153,19190.611633,19209.860252,19.248620
154,19315.611633,19316.715970,1.104338
155,19440.611633,19419.925214,-20.686419
156,19565.611633,19574.277024,8.665392
157,19690.611633,19677.133451,-13.478182
158,19815.611633,19828.402012,12.790379
159,19940.611633,19929.029703,-11.581929
160,20065.611633,20082.860394,17.248762
161,20190.611633,20189.341070,-1.270562
162,20315.611633,20291.467106,-24.144527
163,20440.611633,20448.589551,7.977918
164,20565.611633,20550.112875,-15.498758
165,20690.611633,20704.256207,13.644575
166,20815.611633,20805.258804,-10.352829
167,20940.611633,20960.985390,20.373758
168,21065.611633,21055.926561,-9.685071
169,21190.611633,21212.735520,22.123888
170,21315.611633,21313.904631,-1.707001
171,21440.611633,21418.716703,-21.894929
172,21565.611633,21571.027007,5.415375
173,21690.611633,21674.570817,-16.040815
174,21815.611633,21832.068668,16.457035
175,21940.611633,21931.279954,-9.331678
176,22065.611633,22081.256261,15.644628
177,22190.611633,22186.945403,-3.666230
178,22315.611633,22340.276965,24.665332
179,22440.611633,22444.487349,3.875716
180,22565.611633,22544.780017,-20.831615
181,22690.611633,22698.860426,8.248794
182,22815.611633,22801.529329,-14.082304
183,22940.611633,22953.818688,13.207056
184,23065.611633,23060.320221,-5.291412
185,23190.611633,23165.841420,-24.770213
186,23315.611633,23320.985309,5.373677
187,23440.611633,23424.508323,-16.103309
188,23565.611633,23581.735329,16.123696
189,23690.611633,23683.779439,-6.832193
190,23815.611633,23835.902038,20.290405
191,23940.611633,23939.674948,-0.936685
192,24065.611633,24045.403941,-20.207692
193,24190.611633,24213.151982,22.540350
194,24315.611633,24306.239382,-9.372250
195,24440.611633,24459.048066,18.436434
196,24565.611633,24562.924964,-2.686669
197,24690.611633,24667.091765,-23.519867
198,24815.611633,24819.235346,3.623713
199,24940.611633,24921.779340,-18.832293
200,25065.611633,25074.964526,9.352893
201,25190.611633,25177.925101,-12.686532
202,25315.611633,25337.631183,22.019550
203,25440.611633,25443.341220,2.729588
204,25565.611633,25587.797792,22.186159
205,25690.611633,25691.508276,0.896643
206,25815.611633,25793.425544,-22.186088
207,25940.611633,25945.277065,4.665432
208,26065.611633,26060.360146,-5.251487
209,26190.611633,26201.297615,10.685982
210,26315.611633,26305.341523,-10.270110
211,26440.611633,26459.818659,19.207027
212,26565.611633,26558.759168,-6.852465
213,26690.611633,26714.047935,23.436303
214,26815.611633,26815.862824,0.251191
215,26940.611633,26916.571670,-24.039963
216,27065.611633,27073.797927,8.186294
217,27190.611633,27174.571350,-16.040283
218,27315.611633,27328.422895,12.811262
219,27440.611633,27443.505978,2.894345
220,27565.611633,27600.797620,35.185987
221,27690.611633,27697.030444,6.418811
222,27815.611633,27798.529995,-17.081638
223,27940.611633,27947.777085,7.165452
224,28065.611633,28062.985154,-2.626478
225,28190.611633,28205.297626,14.685993
226,28315.611633,28309.674792,-5.936841
227,28440.611633,28462.985315,22.373683
228,28565.611633,28564.467036,-1.144596
229,28690.611633,28722.422878,31.811246
230,28815.611633,28822.071553,6.459920
231,28940.611633,28934.527549,-6.084084
232,29065.611633,29073.839360,8.227727
233,29190.611633,29186.881284,-3.730349
234,29315.611633,29333.151816,17.540183
235,29440.611633,29440.674134,0.062501
236,29565.611633,29592.193589,26.581957
237,29690.611633,29695.508344,4.896712
238,29815.611633,29800.008377,-15.603256
239,29940.611633,29949.193675,8.582042
240,30065.611633,30054.945378,-10.666255
241,30190.611633,30212.381123,21.769491
242,30315.611633,30313.862858,-1.748774
243,30440.611633,30468.277038,27.665405
244,30565.611633,30570.966816,5.355183
245,30690.611633,30673.446300,-17.165332
246,30815.611633,30837.964553,22.352920
247,30940.611633,30941.987405,1.375772
248,31065.611633,31091.756158,26.144525
249,31190.611633,31194.133538,3.521905
250,31315.611633,31298.904185,-16.707448
251,31440.611633,31449.027006,8.415373
252,31565.611633,31566.651812,1.040179
253,31690.611633,31719.776786,29.165154
254,31815.611633,31825.153754,9.542122
255,31940.611633,31925.446635,-15.164998
256,32065.611633,32074.464591,8.852959
257,32190.611633,32179.987098,-10.624534
258,32315.611633,32332.401956,16.790324
259,32440.611633,32435.070975,-5.540657
260,32565.611633,32586.152026,20.540393
261,32690.611633,32688.591853,-2.019780
262,32815.611633,32842.402022,26.790389
263,32940.611633,32944.487763,3.876131
264,33065.611633,33045.404956,-20.206676
265,33190.611633,33200.506249,9.894617
266,33315.611633,33304.070826,-11.540807
267,33440.611633,33455.547839,14.936206
268,33565.611633,33557.321149,-8.290483
269,33690.611633,33711.881208,21.269575
270,33815.611633,33817.820342,2.208710
271,33940.611633,33919.300564,-21.311069
272,34065.611633,34069.110402,3.498770
273,34190.611633,34173.945572,-16.666061
274,34315.611633,34335.172809,19.561176
275,34440.611633,34436.342092,-4.269541
276,34565.611633,34533.988952,-31.622681
277,34690.611633,34690.443826,-0.167806
278,34815.611633,34792.029544,-23.582089
279,34940.611633,34949.131206,8.519574
280,35065.611633,35059.944301,-5.667331
281,35190.611633,35208.818526,18.206894
282,35315.611633,35311.987534,-3.624099
283,35440.611633,35416.612512,-23.999120
284,35565.611633,35568.672847,3.061214
285,35690.611633,35669.925416,-20.686217
286,35815.611633,35823.943716,8.332083
287,35940.611633,35928.029058,-12.582574
288,36065.611633,36079.151989,13.540357
289,36190.611633,36183.987225,-6.624408
290,36315.611633,36336.026979,20.415347
291,36440.611633,36440.466468,-0.145165
292,36565.611633,36562.818647,-2.792986
293,36690.611633,36693.026812,2.415179
294,36815.611633,36794.904426,-20.707206
295,36940.611633,36948.714529,8.102897
296,37065.611633,37070.505977,4.894345
297,37190.611633,37204.110126,13.498494
298,37315.611633,37313.757009,-1.854624
299,37440.611633,37426.381467,-14.230165
300,37565.611633,37590.485159,24.873526
301,37690.611633,37695.653807,5.042175
302,37815.611633,37805.861265,-9.750368
303,37940.611633,37947.693550,7.081918
304,38065.611633,38063.610124,-2.001508
305,38190.611633,38207.172614,16.560981
306,38315.611633,38311.883059,-3.728574
307,38440.611633,38464.318641,23.707008
308,38565.611633,38565.946165,0.334532
309,38690.611633,38668.946222,-21.665411
310,38815.611633,38825.631201,10.019569
311,38940.611633,38932.695107,-7.916526
312,39065.611633,39079.089428,13.477795
313,39190.611633,39183.341491,-7.270141
314,39315.611633,39337.381151,21.769519
315,39440.611633,39439.487754,-1.123878
316,39565.611633,39541.133976,-24.477657
317,39690.611633,39697.631237,7.019605
318,39815.611633,39796.884123,-18.727510
319,39940.611633,39953.256259,12.644627
320,40065.611633,40072.380985,6.769352
321,40190.611633,40176.633153,-13.978479
322,40315.611633,40334.068645,18.457012
323,40440.611633,40447.652014,7.040381
324,40565.611633,40542.864001,-22.747632
325,40690.611633,40697.089678,6.478045
326,40815.611633,40812.464333,-3.147299
327,40940.611633,40928.901793,-11.709840
328,41065.611633,41078.401776,12.790143
329,41190.611633,41184.965996,-5.645637
330,41315.611633,41339.360273,23.748641
331,41440.611633,41453.068648,12.457016
332,41565.611633,41546.031061,-19.580572
333,41690.611633,41698.006393,7.394761
334,41815.611633,41803.528790,-12.082843
335,41940.611633,41954.089459,13.477827
336,42065.611633,42065.277533,-0.334099
337,42190.611633,42211.193512,20.581880
338,42315.611633,42314.195894,-1.415738
339,42440.611633,42419.924797,-20.686835
340,42565.611633,42575.193654,9.582022
341,42690.611633,42679.154064,-11.457569
342,42815.611633,42833.756158,18.144526
343,42940.611633,42938.549743,-2.061890
344,43065.611633,43040.571329,-25.040304
345,43190.611633,43196.152056,5.540423
346,43315.611633,43294.196851,-21.414782
347,43440.611633,43452.756280,12.144648
348,43565.611633,43550.926004,-14.685629
349,43690.611633,43706.485451,15.873819
350,43815.611633,43808.591933,-7.019700
351,43940.611633,43959.902030,19.290398
352,44065.611633,44069.090481,3.478848
353,44190.611633,44165.488920,-25.122712
354,44315.611633,44320.673003,5.061370
355,44440.611633,44421.821294,-18.790338
356,44565.611633,44576.006221,10.394589
357,44690.611633,44679.904093,-10.707540
358,44815.611633,44833.401997,17.790364
359,44940.611633,44936.612546,-3.999086
360,45065.611633,45085.464502,19.852870
361,45190.611633,45191.424500,0.812867
362,45315.611633,45292.967220,-22.644413
363,45440.611633,45453.110393,12.498760
364,45565.611633,45556.175087,-9.436546
365,45690.611633,45710.839514,20.227882
366,45815.611633,45818.549127,2.937495
367,45940.611633,45917.696797,-22.914836
368,46065.611633,46067.318768,1.707136
369,46190.611633,46171.820647,-18.790986
370,46315.611633,46326.776988,11.165356
371,46440.611633,46431.987152,-8.624481
372,46565.611633,46586.381126,20.769494
373,46690.611633,46691.862096,1.250463
374,46815.611633,46797.653880,-17.957753
375,46940.611633,46949.589480,8.977847
376,47065.611633,47059.486162,-6.125471
377,47190.611633,47203.526866,12.915233
378,47315.611633,47306.070985,-9.540647
379,47440.611633,47467.152025,26.540392
380,47565.611633,47558.281387,-7.330245
381,47690.611633,47717.110611,26.498978
382,47815.611633,47820.195947,4.584314
383,47940.611633,47926.674638,-13.936995
384,48065.611633,48077.464480,11.852847
385,48190.611633,48198.735138,8.123505
386,48315.611633,48338.693444,23.081811
387,48440.611633,48437.363343,-3.248289
388,48565.611633,48540.508769,-25.102863
389,48690.611633,48696.402054,5.790421
390,48815.611633,48803.924176,-11.687456
391,49065.611633,49014.526927,-51.084706
392,49065.611633,49077.269445,11.657812
393,49190.611633,49172.573047,-18.038586
394,49315.611633,49329.068932,13.457299
395,49440.611633,49431.779360,-8.832273
396,49565.611633,49584.214519,18.602886
397,49690.611633,49682.384309,-8.227324
398,49815.611633,49793.111309,-22.500324
399,49940.611633,49959.422736,18.811103
400,50065.611633,50072.381303,6.769670
401,50190.611633,50163.656364,-26.955269
402,50315.611633,50325.464769,9.853136
403,50440.611633,50430.258117,-10.353515
404,50565.611633,50576.922816,11.311184
405,50690.611633,50679.695965,-10.915667
406,50815.611633,50842.277018,26.665385
407,50940.611633,50950.798956,10.187323
408,51065.611633,51060.715421,-4.896211
409,51190.611633,51183.110217,-7.501416
410,51315.611633,51287.508135,-28.103497
411,51440.611633,51445.068648,4.457015
412,51565.611633,51550.466274,-15.145358
413,51690.611633,51700.964458,10.352825
414,51815.611633,51802.633662,-12.977970
415,51940.611633,51961.860375,21.248742
416,52065.611633,52069.799082,4.187450
417,52190.611633,52161.406470,-29.205163
418,52315.611633,52319.339773,3.728140
419,52440.611633,52421.092037,-19.519596
420,52565.611633,52589.589542,23.977910
421,52690.611633,52694.737170,4.125538
422,52815.611633,52798.695943,-16.915690
423,52940.611633,52953.631182,13.019549
424,53065.611633,53063.611139,-2.000494
425,53190.611633,53209.610196,18.998564
426,53315.611633,53315.195384,-0.416248
427,53440.611633,53417.987822,-22.623811
428,53565.611633,53573.922868,8.311236
429,53690.611633,53678.279002,-12.332631
430,53815.611633,53830.964483,15.352850
431,53940.611633,53932.258735,-8.352898
432,54065.611633,54083.756210,18.144578
433,54190.611633,54190.070258,-0.541375
434,54315.611633,54293.987585,-21.624048
435,54440.611633,54449.922846,9.311213
436,54565.611633,54549.092462,-16.519171
437,54690.611633,54712.631266,22.019633
438,54815.611633,54816.133343,0.521711
439,54940.611633,54915.363568,-25.248065
440,55065.611633,55084.297952,18.686319
441,55190.611633,55193.132232,2.520600
442,55315.611633,55294.612992,-20.998640
443,55440.611633,55455.797885,15.186252
444,55565.611633,55551.718061,-13.893572
445,55690.611633,55702.922999,12.311366
446,55815.611633,55808.507937,-7.103696
447,55940.611633,55958.943633,18.332001
448,56065.611633,56068.652863,3.041231
449,56190.611633,56182.152108,-8.459525
450,56315.611633,56335.901810,20.290178
451,56440.611633,56438.966712,-1.644921
452,56565.611633,56540.654765,-24.956867
453,56690.611633,56705.964567,15.352934
454,56815.611633,56798.656130,-16.955503
455,56940.611633,56954.152238,13.540605
456,57065.611633,57055.258818,-10.352815
457,57190.611633,57208.110399,17.498767
458,57315.611633,57311.320883,-4.290749
459,57440.611633,57469.006178,28.394546
460,57565.611633,57569.633861,4.022228
461,57690.611633,57672.321313,-18.290320
462,57815.611633,57823.777059,8.165426
463,57940.611633,57926.654289,-13.957343
464,58065.611633,58080.110348,14.498716
465,58190.611633,58184.591474,-6.020158
466,58315.611633,58337.776982,22.165349
467,58440.611633,58438.238063,-2.373569
468,58565.611633,58541.050459,-24.561173
469,58690.611633,58693.693726,3.082094
470,58815.611633,58796.258510,-19.353123
471,58940.611633,58956.714523,16.102890
472,59065.611633,59058.633626,-6.978007
473,59190.611633,59210.506207,19.894574
474,59315.611633,59312.258653,-3.352980
475,59440.611633,59418.841303,-21.770330
476,59565.611633,59571.693635,6.082002
477,59690.611633,59675.383288,-15.228345
478,59815.611633,59839.485333,23.873700
479,59940.611633,59947.840651,7.229019
480,60065.611633,60052.383245,-13.228387
481,60190.611633,60208.318660,17.707027
482,60315.611633,60310.987647,-4.623985
483,60440.611633,60418.799349,-21.812283
484,60565.611633,60579.172777,13.561144
485,60690.611633,60675.697100,-14.914532
486,60815.611633,60828.881309,13.269676
487,60940.611633,60947.068491,6.456858
488,61065.611633,61058.360833,-7.250800
489,61190.611633,61211.214339,20.602706
490,61315.611633,61311.404744,-4.206888
491,61440.611633,61422.090435,-18.521198
492,61565.611633,61576.797721,11.186088
493,61690.611633,61678.342010,-12.269623
494,61815.611633,61834.506204,18.894571
495,61940.611633,61937.508426,-3.103207
496,62065.611633,62041.945902,-23.665730
497,62190.611633,62192.047844,1.436212
498,62315.611633,62294.591837,-21.019796
499,62440.611633,62450.485362,9.873730
500,62565.611633,62551.550456,-14.061177
501,62690.611633,62705.068722,14.457090
502,62815.611633,62807.341895,-8.269737
503,62940.611633,62960.985367,20.373734
504,63065.611633,63062.321235,-3.290397
505,63190.611633,63166.258537,-24.353096
506,63315.611633,63320.714529,5.102896
507,63440.611633,63423.716764,-16.894868
508,63565.611633,63607.339510,41.727877
509,63690.611633,63701.343391,10.731759
510,63815.611633,63802.925879,-12.685753
511,63940.611633,63956.464600,15.852967
512,64065.611633,64068.506543,2.894911
513,64190.611633,64210.818497,20.206864
514,64315.611633,64318.569928,2.958296
515,64440.611633,64422.508379,-18.103253
516,64565.611633,64580.485339,14.873707
517,64690.611633,64683.258468,-7.353165
518,64815.611633,64836.777022,21.165389
519,64940.611633,64946.132109,5.520476
520,65065.611633,65049.404299,-16.207333
521,65190.611633,65214.068683,23.457051
522,65315.611633,65308.614129,-6.997503
523,65440.611633,65460.631359,20.019727
524,65565.611633,65563.800088,-1.811545
525,65690.611633,65665.738057,-24.873576
526,65815.611633,65819.068732,3.457100
527,65940.611633,65920.966970,-19.644663
528,66065.611633,66075.214541,9.602908
529,66190.611633,66178.716664,-11.894968
530,66315.611633,66332.714503,17.102870
531,66440.611633,66435.216847,-5.394786
532,66565.611633,66589.027024,23.415391
533,66690.611633,66692.987415,2.375783
534,66815.611633,66796.591874,-19.019758
535,66940.611633,66950.360363,9.748730
536,67065.611633,67050.717250,-14.894382
537,67190.611633,67202.777075,12.165443
538,67315.611633,67306.320826,-9.290807
539,67440.611633,67461.693674,21.082041
540,67565.611633,67562.612976,-2.998657
541,67690.611633,67667.945761,-22.665872
542,67815.611633,67823.339499,7.727866
543,67940.611633,67926.300094,-14.311539
544,68065.611633,68077.735347,12.123715
545,68190.611633,68182.174812,-8.436821
546,68315.611633,68335.172812,19.561179
547,68440.611633,68440.424644,-0.186988
548,68565.611633,68542.612948,-22.998685
549,68690.611633,68703.922880,13.311248
550,68815.611633,68801.301136,-14.310497
551,68940.611633,68954.027136,13.415504
552,69065.611633,69059.528780,-6.082852
553,69190.611633,69211.381131,20.769498
554,69315.611633,69313.550232,-2.061401
555,69440.611633,69418.695767,-21.915866
556,69565.611633,69573.297830,7.686197
557,69690.611633,69680.007670,-10.603963
558,69815.611633,69836.568608,20.956975
559,69940.611633,69941.966269,1.354637
560,70065.611633,70042.800709,-22.810924
561,70190.611633,70196.693740,6.082108
562,70315.611633,70302.091287,-13.520345
563,70440.611633,70454.422792,13.811159
564,70565.611633,70556.737713,-8.873920
565,70690.611633,70712.652023,22.040390
566,70815.611633,70815.196003,-0.415630
567,70940.611633,70921.987078,-18.624554
568,71065.611633,71077.672798,12.061166
569,71190.611633,71181.987328,-8.624305
570,71315.611633,71336.235325,20.623692
571,71440.611633,71446.881826,6.270193
572,71565.611633,71550.945780,-14.665853
573,71690.611633,71701.110332,10.498700
574,71815.611633,71803.904289,-11.707344
575,71940.611633,71959.402017,18.790385
576,72065.611633,72061.862695,-3.748937
577,72190.611633,72165.966814,-24.644819
578,72315.611633,72326.735346,11.123713
579,72440.611633,72428.550313,-12.061320
580,72565.611633,72582.214538,16.602905
581,72690.611633,72684.154462,-6.457171
582,72815.611633,72837.485378,21.873746
583,72940.611633,72939.779388,-0.832244
584,73065.611633,73053.506381,-12.105251
585,73190.611633,73163.944394,-26.667239
586,73315.611633,73321.610205,5.998572
587,73440.611633,73423.654413,-16.957220
588,73565.611633,73580.860368,15.248735
589,73690.611633,73683.029415,-7.582217
590,73815.611633,73836.256197,20.644564
591,73940.611633,73939.341737,-1.269896
