idx_L,idx_R,L_ms,R_ms,delta_R_minus_L_ms
0,0,-1954687338268.2605,-1954687338268.3230,-0.0625
1,1,32.6732,31.1498,-1.5234
2,2,61.4354,61.7749,+0.3394
3,3,96.1608,94.3798,-1.7810
4,4,228.9773,229.0084,+0.0311
5,5,260.4946,260.0780,-0.4166
6,6,291.3606,291.5154,+0.1548
7,7,323.1313,322.7407,-0.3907
8,8,353.9928,354.1969,+0.2040
9,9,385.4260,385.4103,-0.0157
10,10,416.3125,416.4840,+0.1715
11,11,448.0630,447.7256,-0.3373
12,12,478.9748,478.8953,-0.0795
13,13,508.1685,510.0464,+1.8779
14,14,529.4687,541.1590,+11.6903
15,15,572.8124,572.7921,-0.0203
16,16,604.2561,604.6094,+0.3533
17,17,635.4553,635.9427,+0.4873
18,18,666.3454,666.7319,+0.3865
19,19,696.7281,694.3618,-2.3663
20,20,728.7184,729.8501,+1.1317
21,21,760.0819,761.2192,+1.1373
22,22,791.3614,792.2156,+0.8542
23,23,822.7634,823.9683,+1.2049
24,24,854.2415,854.8593,+0.6178
25,25,885.4679,885.9767,+0.5088
26,26,916.3542,917.5230,+1.1688
27,27,947.7593,948.6541,+0.8948
28,28,979.2227,960.6767,-18.5460
29,29,1009.7382,1010.8563,+1.1181
30,30,1041.2867,1041.4947,+0.2080
31,31,1071.7539,1074.4719,+2.7180
32,32,1105.8662,1111.8549,+5.9888
33,33,1228.7094,1228.7179,+0.0085
34,34,1259.3923,1259.7079,+0.3156
35,35,1291.1949,1291.2597,+0.0648
36,36,1321.9997,1322.2276,+0.2278
37,37,1353.7315,1353.7874,+0.0560
38,38,1384.8291,1385.0661,+0.2370
39,39,1406.7239,1415.9695,+9.2456
40,40,1448.7469,1447.1779,-1.5690
41,41,1478.6518,1478.6583,+0.0066
42,42,1509.8006,1509.8019,+0.0013
43,43,1541.3237,1540.9727,-0.3510
44,44,1572.3701,1572.3386,-0.0315
45,45,1604.0429,1604.0429,+0.0000
46,46,1635.1652,1635.1629,-0.0023
47,47,1666.7288,1666.7384,+0.0096
48,48,1697.8063,1698.2684,+0.4621
49,49,1729.2514,1729.2537,+0.0023
50,50,1760.1282,1760.1570,+0.0288
51,51,1791.3829,1791.5328,+0.1499
52,52,1823.3767,1822.6892,-0.6875
53,53,1854.2193,1854.2831,+0.0638
54,54,1885.5024,1885.0948,-0.4077
55,55,1916.3621,1916.7276,+0.3655
56,56,1978.8150,1978.8151,+0.0000
57,57,2010.1706,2010.5890,+0.4184
58,58,2041.7764,2043.4509,+1.6745
59,59,2066.1768,2069.8215,+3.6447
60,60,2104.1680,2104.2276,+0.0596
61,61,2228.9773,2229.0084,+0.0311
62,62,2260.4946,2260.0780,-0.4166
63,63,2291.3606,2291.5154,+0.1548
64,64,2323.1313,2322.7407,-0.3906
65,65,2354.1085,2354.0458,-0.0627
66,66,2385.4885,2385.4728,-0.0157
67,67,2416.3750,2416.5465,+0.1715
68,68,2447.7801,2447.7881,+0.0080
69,69,2478.7136,2478.7212,+0.0076
70,70,2508.2320,2510.1089,+1.8769
71,71,2541.1706,2541.2215,+0.0509
72,72,2572.8749,2572.8546,-0.0203
73,73,2604.3081,2604.2594,-0.0488
74,74,2635.4988,2635.4496,-0.0492
75,75,2666.1764,2665.5220,-0.6544
76,76,2696.8098,2696.4202,-0.3896
77,77,2729.0083,2728.7106,-0.2976
78,78,2760.0611,2760.1342,+0.0731
79,79,2791.3405,2791.4972,+0.1566
80,80,2822.7426,2822.6104,-0.1322
81,81,2854.2411,2854.1262,-0.1149
82,82,2885.4679,2885.4521,-0.0158
83,83,2916.3542,2916.5257,+0.1715
84,84,2947.7593,2947.7673,+0.0080
85,85,2979.2503,2979.2306,-0.0198
86,86,3009.8632,3010.0060,+0.1428
87,87,3041.3006,3041.3709,+0.0702
88,88,3071.9750,3072.0196,+0.0445
89,89,3105.9912,3104.2742,-1.7170
90,90,3228.7094,3228.7179,+0.0085
91,91,3259.3923,3259.7079,+0.3156
92,92,3291.1949,3291.2597,+0.0648
93,93,3321.9997,3322.2276,+0.2279
94,94,3353.7315,3353.7874,+0.0560
95,95,3384.8291,3385.0661,+0.2370
96,96,3406.7149,3415.9695,+9.2547
97,97,3448.7466,3447.1779,-1.5688
98,98,3478.6719,3478.6784,+0.0065
99,99,3509.8214,3509.8227,+0.0012
100,100,3540.9835,3540.9936,+0.0100
101,101,3572.3909,3572.3594,-0.0315
102,102,3604.0340,3604.0336,-0.0004
103,103,3635.1444,3635.1421,-0.0023
104,104,3666.7080,3666.7176,+0.0096
105,105,3697.7855,3698.2476,+0.4621
106,106,3729.2179,3729.3162,+0.0983
107,107,3758.9201,3760.2195,+1.2994
108,108,3791.4454,3791.5953,+0.1499
109,109,3822.5208,3822.7517,+0.2308
110,110,3854.2178,3854.3368,+0.1190
111,111,3885.5024,3885.1157,-0.3867
112,112,3916.3622,3916.7276,+0.3654
113,113,3978.8567,3978.8567,-0.0000
114,114,4010.2122,4010.6307,+0.4185
115,115,4041.8180,4043.4927,+1.6746
116,116,4066.2214,4069.8640,+3.6425
117,117,4104.2096,4104.2692,+0.0596
118,118,4228.9773,4229.0084,+0.0311
119,119,4260.4946,4260.0780,-0.4166
120,120,4291.3606,4291.5154,+0.1548
121,121,4323.1313,4322.7407,-0.3906
122,122,4354.2210,4354.2183,-0.0027
123,123,4385.4468,4385.4311,-0.0157
124,124,4416.3334,4416.5048,+0.1715
125,125,4447.3136,4447.7464,+0.4328
126,126,4478.9738,4478.8994,-0.0744
127,127,4508.1686,4510.0464,+1.8778
128,128,4529.4594,4541.1590,+11.6996
129,129,4572.8124,4572.7921,-0.0203
130,130,4604.2561,4604.6094,+0.3533
131,131,4635.4553,4635.9426,+0.4873
132,132,4666.3454,4666.7319,+0.3864
133,133,4696.7281,4694.3614,-2.3667
134,134,4729.0083,4729.8295,+0.8212
135,135,4760.0611,4761.1984,+1.1373
136,136,4791.3405,4792.1948,+0.8542
137,137,4822.7426,4823.9475,+1.2049
138,138,4854.3789,4856.4081,+2.0292
139,139,4885.0793,4887.3062,+2.2269
140,140,4916.5831,4918.5183,+1.9352
141,141,4944.2580,4949.4910,+5.2329
142,142,4979.4741,4981.1579,+1.6837
143,143,5009.5511,5012.5057,+2.9546
144,144,5041.6051,5043.8215,+2.2164
145,145,5072.1235,5074.3661,+2.2425
146,146,5104.4965,5112.1258,+7.6293
147,147,5228.7303,5228.7387,+0.0085
148,148,5259.4131,5259.7287,+0.3156
149,149,5291.2157,5291.2805,+0.0648
150,150,5322.0205,5322.2484,+0.2279
151,151,5353.7728,5353.8304,+0.0576
152,152,5384.8708,5385.0987,+0.2279
153,153,5416.4439,5416.0112,-0.4327
154,154,5448.7888,5447.2195,-1.5693
155,155,5478.7136,5478.7201,+0.0065
156,156,5509.8631,5509.8644,+0.0013
157,157,5541.0252,5541.0352,+0.0100
158,158,5572.4326,5572.4011,-0.0315
159,159,5604.1330,5604.1330,-0.0000
160,160,5635.2485,5635.2463,-0.0023
161,161,5666.8121,5666.8218,+0.0096
162,162,5697.8897,5698.3518,+0.4621
163,163,5729.3406,5729.2541,-0.0865
164,164,5760.1282,5760.1570,+0.0288
165,165,5791.3829,5791.5328,+0.1499
166,166,5823.3768,5822.6892,-0.6876
167,167,5854.3272,5854.3243,-0.0028
168,168,5885.5441,5885.1365,-0.4076
169,169,5916.4040,5916.7693,+0.3654
170,170,5978.8567,5978.8567,+0.0001
171,171,6010.2122,6010.6307,+0.4184
172,172,6041.8180,6043.4925,+1.6744
173,173,6066.2185,6069.8630,+3.6445
174,174,6104.2096,6104.2692,+0.0596
175,175,6228.9773,6229.0084,+0.0311
176,176,6260.4946,6260.0780,-0.4166
177,177,6291.3606,6291.5154,+0.1548
178,178,6323.1313,6322.7407,-0.3906
179,179,6354.1085,6354.0458,-0.0627
180,180,6385.4885,6385.4728,-0.0157
181,181,6416.3750,6416.5465,+0.1715
182,182,6447.7801,6447.7881,+0.0080
183,183,6478.7336,6478.7412,+0.0077
184,184,6508.2546,6510.1297,+1.8751
185,185,6541.1914,6541.2423,+0.0509
186,186,6572.8957,6572.8754,-0.0203
187,187,6604.4441,6604.3189,-0.1252
188,188,6635.4598,6635.2892,-0.1706
189,189,6666.3454,6665.4805,-0.8649
190,190,6696.7281,6695.3189,-1.4092
191,191,6728.7184,6728.7307,+0.0123
192,192,6760.0819,6760.1550,+0.0731
193,193,6791.3614,6791.5180,+0.1566
194,194,6822.7634,6822.6312,-0.1322
195,195,6853.9969,6854.1470,+0.1501
196,196,6885.4888,6885.4730,-0.0158
197,197,6916.3750,6916.5465,+0.1715
198,198,6947.7801,6947.7882,+0.0080
199,199,6979.2627,6979.8137,+0.5510
200,200,7009.8007,7009.9435,+0.1428
201,201,7041.2292,7040.6542,-0.5751
202,202,7071.7314,7071.8018,+0.0704
203,203,7105.9306,7104.2907,-1.6399
204,204,7228.7303,7228.7387,+0.0085
205,205,7259.4131,7259.7287,+0.3156
206,206,7291.2157,7291.2805,+0.0648
207,207,7322.0205,7322.2484,+0.2279
208,208,7353.7728,7353.8304,+0.0576
209,209,7384.8708,7385.0987,+0.2279
210,210,7416.4439,7416.0112,-0.4327
211,211,7448.7882,7447.2195,-1.5687
212,212,7478.7136,7478.7201,+0.0065
213,213,7509.8631,7509.8644,+0.0012
214,214,7541.0252,7541.0352,+0.0100
215,215,7572.4326,7572.4011,-0.0315
216,216,7604.0798,7604.0798,+0.0000
217,217,7635.2069,7635.2046,-0.0023
218,218,7666.7705,7666.7801,+0.0096
219,219,7697.8480,7698.3101,+0.4621
220,220,7729.2949,7731.2165,+1.9216
221,221,7760.4352,7762.6234,+2.1883
222,222,7791.5317,7793.4286,+1.8969
223,223,7822.7027,7825.2022,+2.4995
224,224,7854.2592,7856.3653,+2.1061
225,225,7885.0947,7887.6152,+2.5205
226,226,7916.4037,7918.6940,+2.2903
227,227,7978.8566,7978.8566,+0.0000
228,228,8010.2122,8010.6306,+0.4184
229,229,8041.8181,8043.4932,+1.6752
230,230,8066.2217,8069.8640,+3.6423
231,231,8104.2096,8104.2692,+0.0596
232,232,8229.0190,8229.0501,+0.0311
233,233,8260.5362,8260.1196,-0.4166
234,234,8291.4022,8291.5571,+0.1548
235,235,8323.1730,8322.7824,-0.3906
236,236,8354.2879,8354.2170,-0.0709
237,237,8385.4468,8385.4311,-0.0157
238,238,8416.3334,8416.5048,+0.1715
239,239,8448.0838,8447.7465,-0.3373
240,240,8478.7351,8478.7425,+0.0074
241,241,8508.2626,8510.1297,+1.8671
242,242,8541.7870,8541.2423,-0.5447
243,243,8572.8957,8572.8754,-0.0203
244,244,8606.4387,8604.6452,-1.7935
245,245,8635.5005,8635.9842,+0.4837
246,246,8666.3871,8666.7735,+0.3864
247,247,8696.7697,8694.4026,-2.3671
248,248,8728.7600,8729.8917,+1.1317
249,249,8760.1236,8761.2609,+1.1373
250,250,8791.4030,8792.2573,+0.8542
251,251,8822.8051,8824.0100,+1.2049
252,252,8854.2390,8855.2205,+0.9815
253,253,8885.4680,8886.1847,+0.7167
254,254,8916.3542,8917.5230,+1.1688
255,255,8948.1046,8947.6013,-0.5033
257,257,9009.7799,9010.8979,+1.1180
258,258,9041.3284,9041.5364,+0.2080
259,259,9071.7957,9074.5135,+2.7178
260,260,9105.9078,9111.8966,+5.9888
261,261,9228.7719,9228.7804,+0.0085
262,262,9259.4548,9259.7704,+0.3156
263,263,9291.2574,9291.3222,+0.0648
264,264,9322.0622,9322.2901,+0.2279
265,265,9353.8325,9353.8243,-0.0083
266,266,9384.8707,9385.1078,+0.2371
267,267,9406.7595,9416.0112,+9.2517
268,268,9448.7880,9447.2195,-1.5685
269,269,9478.7136,9478.7201,+0.0065
270,270,9509.8631,9509.8644,+0.0012
271,271,9541.3862,9541.0352,-0.3510
272,272,9572.4326,9572.4011,-0.0315
273,273,9604.1054,9604.1054,-0.0000
274,274,9635.2277,9635.2254,-0.0023
275,275,9666.7913,9666.8009,+0.0096
276,276,9697.8688,9698.3309,+0.4621
277,277,9729.3040,9729.7003,+0.3963
278,278,9760.2219,9760.5320,+0.3100
279,279,9791.2726,9791.9078,+0.6352
280,280,9822.3701,9823.3648,+0.9948
281,281,9854.3235,9854.3866,+0.0631
282,282,9885.1603,9886.0560,+0.8957
283,283,9916.4661,9916.8319,+0.3658
284,284,9978.8775,9978.8775,-0.0000
285,285,10010.2331,10010.6515,+0.4184
286,286,10041.8389,10043.5141,+1.6752
287,287,10066.2373,10069.8839,+3.6466
288,288,10104.2305,10104.2901,+0.0596
289,289,10229.0398,10229.0709,+0.0311
290,290,10260.5571,10260.1405,-0.4166
291,291,10291.4231,10291.5779,+0.1548
292,292,10323.1938,10322.8032,-0.3907
293,293,10354.3087,10354.2378,-0.0709
294,294,10385.4676,10385.4520,-0.0157
295,295,10416.3542,10416.5257,+0.1715
296,296,10448.1047,10447.7673,-0.3374
297,297,10479.0381,10478.9580,-0.0801
298,298,10508.2331,10510.1089,+1.8758
299,299,10529.5377,10541.2215,+11.6838
300,300,10572.8749,10572.8546,-0.0203
301,301,10604.3878,10604.6881,+0.3003
302,302,10635.5371,10636.0262,+0.4891
303,303,10666.7896,10666.8152,+0.0256
304,304,10696.8178,10694.4446,-2.3731
305,305,10728.8017,10729.9334,+1.1317
306,306,10760.1653,10761.3026,+1.1373
307,307,10791.4447,10792.2989,+0.8542
308,308,10822.8467,10824.0516,+1.2049
309,309,10854.2806,10855.2622,+0.9815
310,310,10885.5096,10886.2268,+0.7171
311,311,10916.3958,10917.5647,+1.1688
312,312,10947.3761,10947.6432,+0.2671
314,314,11009.8007,11010.9240,+1.1233
315,315,11041.3492,11041.5020,+0.1528
316,316,11071.8164,11074.4474,+2.6310
317,317,11105.9285,11111.9174,+5.9889
318,318,11228.7511,11228.7596,+0.0085
319,319,11259.4339,11259.7495,+0.3156
320,320,11291.2365,11291.3013,+0.0648
321,321,11322.0414,11322.2692,+0.2279
322,322,11353.7729,11353.7685,-0.0044
323,323,11384.9333,11385.0063,+0.0730
324,324,11414.5216,11416.0737,+1.5521
325,325,11447.4556,11447.1452,-0.3105
326,326,11478.7363,11478.7429,+0.0066
327,327,11509.8839,11509.8852,+0.0013
328,328,11541.0459,11541.0560,+0.0101
329,329,11572.4533,11572.4218,-0.0315
330,330,11604.1007,11604.1007,+0.0000
331,331,11635.2277,11635.2254,-0.0023
332,332,11666.7913,11666.8009,+0.0096
333,333,11697.8688,11698.3309,+0.4621
334,334,11729.2532,11729.2547,+0.0015
335,335,11760.1282,11760.1570,+0.0288
336,336,11791.3829,11791.5328,+0.1499
337,337,11823.3766,11822.6892,-0.6875
338,338,11854.2847,11854.5510,+0.2663
339,339,11885.1528,11885.3654,+0.2125
340,340,11916.6332,11916.9986,+0.3653
341,341,11978.9816,11978.9817,+0.0000
342,342,12010.3372,12010.7557,+0.4184
343,343,12041.9430,12043.6178,+1.6747
344,344,12066.3464,12069.9889,+3.6425
345,345,12104.3346,12104.3943,+0.0596
346,346,12229.0398,12229.0709,+0.0311
347,347,12260.5571,12260.1405,-0.4166
348,348,12291.4231,12291.5779,+0.1548
349,349,12323.1938,12322.8032,-0.3906
350,350,12354.2835,12354.2808,-0.0027
351,351,12385.5093,12385.4936,-0.0157
352,352,12416.3959,12416.5673,+0.1715
353,353,12447.3761,12447.8090,+0.4328
354,354,12478.7544,12478.7621,+0.0077
355,355,12508.2735,12510.1505,+1.8770
356,356,12541.8078,12541.2632,-0.5447
357,357,12572.9166,12572.8963,-0.0203
358,358,12604.3498,12604.6918,+0.3420
359,359,12635.5405,12636.0257,+0.4853
360,360,12666.7895,12666.8152,+0.0257
361,361,12696.8176,12694.4440,-2.3736
362,362,12729.2135,12730.1483,+0.9348
363,363,12760.1028,12761.2401,+1.1373
364,364,12791.3822,12792.7498,+1.3676
365,365,12822.7842,12823.9891,+1.2049
366,366,12854.3021,12854.9219,+0.6198
367,367,12885.5304,12886.0392,+0.5088
368,368,12916.4167,12917.5855,+1.1688
369,369,12947.8218,12948.7166,+0.8948
370,370,12979.2852,12960.7349,-18.5504
371,371,13009.8007,13010.9240,+1.1233
372,372,13041.3492,13041.5020,+0.1528
373,373,13071.8164,13074.4474,+2.6310
374,374,13105.9305,13111.9174,+5.9870
375,375,13228.7511,13228.7596,+0.0085
376,376,13259.4339,13259.7495,+0.3156
377,377,13291.2365,13291.3013,+0.0648
378,378,13322.0414,13322.2692,+0.2279
379,379,13353.7936,13353.8512,+0.0576
380,380,13384.8916,13385.1195,+0.2279
381,381,13416.4647,13416.0320,-0.4327
382,382,13448.8093,13447.2404,-1.5689
383,383,13478.7143,13478.7208,+0.0066
384,384,13509.8631,13509.8644,+0.0013
385,385,13541.0251,13541.0352,+0.0101
386,386,13572.4326,13572.4011,-0.0315
387,387,13604.3004,13604.3004,-0.0000
388,388,13635.4152,13635.4129,-0.0023
389,389,13666.9788,13666.9884,+0.0096
390,390,13698.0563,13698.5184,+0.4621
391,391,13729.3503,13729.3469,-0.0034
392,392,13760.7120,13760.7228,+0.0108
393,393,13791.8090,13791.5536,-0.2554
394,394,13823.2457,13823.3272,+0.0815
395,395,13854.4257,13854.3657,-0.0601
396,396,13885.5857,13885.2853,-0.3005
397,397,13915.2031,13916.8110,+1.6079
398,398,13978.8775,13978.8776,+0.0001
399,399,14010.2331,14010.6515,+0.4184
400,400,14041.8389,14043.5140,+1.6751
401,401,14066.2387,14069.8841,+3.6455
402,402,14104.2305,14104.2901,+0.0596
403,403,14229.0190,14229.0501,+0.0311
404,404,14260.5362,14260.1196,-0.4166
405,405,14291.4022,14291.5571,+0.1548
406,406,14323.1730,14322.7824,-0.3907
407,407,14354.2627,14354.2600,-0.0027
408,408,14385.4885,14385.4728,-0.0157
409,409,14416.3750,14416.5465,+0.1715
410,410,14447.3553,14447.7881,+0.4328
411,411,14478.7767,14478.7841,+0.0074
412,412,14508.2946,14510.1714,+1.8768
413,413,14541.2331,14541.2840,+0.0509
414,414,14572.9374,14572.9171,-0.0203
415,415,14606.8362,14604.4432,-2.3930
416,416,14635.5225,14635.3647,-0.1578
417,417,14666.7685,14665.5426,-1.2259
418,418,14696.7970,14695.9036,-0.8934
419,419,14728.7809,14728.7932,+0.0123
420,420,14760.1444,14760.2175,+0.0731
421,421,14791.4239,14791.5805,+0.1566
422,422,14822.8259,14822.6937,-0.1322
423,423,14854.2821,14854.0639,-0.2181
424,424,14885.5096,14885.4938,-0.0158
425,425,14916.3959,14916.5673,+0.1715
426,426,14947.8010,14947.8090,+0.0080
427,427,14979.2651,14980.1173,+0.8522
428,428,15009.8007,15009.9435,+0.1428
429,429,15041.3957,15040.6542,-0.7415
430,430,15071.8264,15071.4076,-0.4188
431,431,15105.9285,15104.2907,-1.6378
432,432,15228.7719,15228.7804,+0.0085
433,433,15259.4548,15259.7704,+0.3156
434,434,15291.2574,15291.3222,+0.0648
435,435,15322.0622,15322.2901,+0.2279
436,436,15353.8145,15353.8721,+0.0576
437,437,15384.9125,15385.1403,+0.2279
438,438,15416.4856,15416.0529,-0.4327
439,439,15448.8312,15447.2612,-1.5700
440,440,15478.7553,15478.7617,+0.0065
441,441,15509.9048,15509.9060,+0.0013
442,442,15541.0668,15541.0769,+0.0100
443,443,15572.4742,15572.4428,-0.0315
444,444,15604.1747,15604.1747,-0.0000
445,445,15635.2902,15635.2879,-0.0023
446,446,15666.8538,15666.8634,+0.0096
447,447,15697.9313,15698.3934,+0.4621
448,448,15729.3823,15729.2957,-0.0865
449,449,15760.1699,15760.1986,+0.0288
450,450,15791.4245,15791.5745,+0.1499
451,451,15823.4183,15822.7308,-0.6875
452,452,15854.3418,15854.3411,-0.0007
453,453,15885.6274,15885.2198,-0.4076
454,454,15916.4873,15916.8526,+0.3653
455,455,15978.8983,15978.8984,+0.0001
456,456,16010.2539,16010.6724,+0.4184
457,457,16041.8597,16043.5348,+1.6751
458,458,16066.2586,16069.9047,+3.6461
459,459,16104.2513,16104.3109,+0.0596
460,460,16229.0398,16229.0709,+0.0311
461,461,16260.5571,16260.1405,-0.4166
462,462,16291.4231,16291.5779,+0.1548
463,463,16323.1938,16322.8032,-0.3907
464,464,16354.3035,16354.0873,-0.2163
465,465,16385.5301,16385.5145,-0.0157
466,466,16416.4167,16416.5882,+0.1715
467,467,16447.8218,16447.8298,+0.0080
468,468,16478.8184,16478.8258,+0.0074
469,469,16508.3380,16510.2130,+1.8751
470,470,16541.2748,16541.3257,+0.0509
471,471,16572.9791,16572.9588,-0.0203
472,472,16604.4123,16604.3635,-0.0488
473,473,16635.5994,16635.5569,-0.0425
474,474,16666.2806,16665.6262,-0.6545
475,475,16696.5585,16696.9969,+0.4383
476,476,16729.0708,16728.7727,-0.2982
477,477,16760.1236,16760.1967,+0.0731
478,478,16791.4030,16791.5597,+0.1566
479,479,16822.8051,16822.6729,-0.1322
480,480,16854.3036,16854.1887,-0.1149
481,481,16885.5304,16885.5146,-0.0158
482,482,16916.4167,16916.5882,+0.1715
483,483,16947.8218,16947.8298,+0.0080
484,484,16979.2859,16980.1381,+0.8522
485,485,17009.8215,17009.9644,+0.1428
486,486,17041.4165,17040.6750,-0.7415
487,487,17071.8473,17071.4287,-0.4186
488,488,17105.9494,17104.3115,-1.6379
489,489,17228.7928,17228.8012,+0.0085
490,490,17259.4756,17259.7912,+0.3156
491,491,17291.2782,17291.3430,+0.0648
492,492,17322.0830,17322.3109,+0.2279
493,493,17353.8148,17353.8708,+0.0560
494,494,17384.9124,17385.1495,+0.2370
495,495,17406.8072,17416.0529,+9.2457
496,496,17448.8299,17447.2612,-1.5687
497,497,17478.7772,17478.7834,+0.0062
498,498,17509.9256,17509.9268,+0.0012
499,499,17541.0877,17541.0977,+0.0100
500,500,17572.4951,17572.4635,-0.0315
501,501,17604.1679,17604.1679,-0.0000
502,502,17635.2902,17635.2879,-0.0023
503,503,17666.8538,17666.8634,+0.0096
504,504,17697.9313,17698.3934,+0.4621
505,505,17729.3365,17729.3380,+0.0015
506,506,17760.2115,17760.2403,+0.0288
507,507,17791.4662,17791.6161,+0.1499
508,508,17823.4599,17822.7725,-0.6874
509,509,17854.3901,17854.3870,-0.0032
510,510,17885.6066,17885.1990,-0.4076
511,511,17916.4664,17916.8318,+0.3654
512,512,17978.8984,17978.8984,+0.0000
513,513,18010.2539,18010.6724,+0.4184
514,514,18041.8597,18043.5342,+1.6745
515,515,18066.2601,18069.9049,+3.6448
516,516,18104.2513,18104.3109,+0.0596
517,517,18229.0606,18229.0918,+0.0311
518,518,18260.5779,18260.1613,-0.4166
519,519,18291.4439,18291.5987,+0.1548
520,520,18323.2147,18322.8240,-0.3907
521,521,18354.0762,18354.2802,+0.2040
522,522,18385.5093,18385.4936,-0.0157
523,523,18416.3959,18416.5673,+0.1715
524,524,18448.1463,18447.8090,-0.3373
525,525,18478.8395,18478.8471,+0.0075
526,526,18508.3645,18510.2339,+1.8693
527,527,18541.2956,18541.3465,+0.0509
528,528,18572.9999,18572.9796,-0.0203
529,529,18604.5416,18604.4236,-0.1181
530,530,18635.5412,18635.3604,-0.1808
531,531,18666.4288,18665.5640,-0.8648
532,532,18696.8115,18695.4009,-1.4107
533,533,18729.0916,18728.7935,-0.2981
534,534,18760.1444,18760.2175,+0.0731
535,535,18791.4239,18791.5805,+0.1566
536,536,18822.8259,18822.6937,-0.1322
537,537,18854.3244,18854.2095,-0.1149
538,538,18885.5513,18885.5355,-0.0158
539,539,18916.4375,18916.6090,+0.1715
540,540,18947.8426,18947.8506,+0.0080
541,541,18979.3252,18979.8760,+0.5508
542,542,19009.8632,19010.0060,+0.1428
543,543,19041.2917,19040.7159,-0.5759
544,544,19071.9091,19071.6729,-0.2362
545,545,19105.9912,19104.3532,-1.6380
546,546,19228.7928,19228.8012,+0.0085
547,547,19259.4756,19259.7912,+0.3156
548,548,19291.2782,19291.3430,+0.0648
549,549,19322.0830,19322.3109,+0.2279
550,550,19353.8575,19353.8518,-0.0057
551,551,19385.0166,19385.0896,+0.0730
552,552,19414.6051,19416.1570,+1.5520
553,553,19447.5389,19447.2285,-0.3104
554,554,19478.8196,19478.8262,+0.0066
555,555,19509.9672,19509.9685,+0.0013
556,556,19540.8814,19540.8753,-0.0060
557,557,19572.5367,19572.5052,-0.0315
558,558,19604.3229,19604.3229,-0.0001
559,559,19635.4360,19635.4338,-0.0023
560,560,19666.9996,19667.0093,+0.0096
561,561,19698.0772,19698.5392,+0.4621
562,562,19729.4132,19729.4093,-0.0039
563,563,19760.2116,19760.3597,+0.1482
564,564,19791.8715,19791.6161,-0.2553
565,565,19823.3082,19823.0731,-0.2351
566,566,19854.3707,19854.3665,-0.0042
567,567,19885.5858,19885.4474,-0.1384
568,568,19913.4924,19916.8110,+3.3185
569,569,19978.9192,19978.9193,+0.0001
570,570,20010.2747,20010.6932,+0.4184
571,571,20041.8805,20043.5557,+1.6751
572,572,20066.2788,20069.9257,+3.6469
573,573,20104.2721,20104.3317,+0.0596
574,574,20229.0815,20229.1126,+0.0311
575,575,20260.5987,20260.1821,-0.4166
576,576,20291.4647,20291.6196,+0.1548
577,577,20323.2355,20322.8449,-0.3907
578,578,20354.3452,20354.1289,-0.2163
579,579,20385.5718,20385.5561,-0.0157
580,580,20416.4584,20416.6298,+0.1715
581,581,20447.8634,20447.8715,+0.0080
582,582,20479.0108,20478.7846,-0.2262
583,583,20508.2911,20510.1714,+1.8803
584,584,20541.4544,20541.2840,-0.1704
585,585,20572.9374,20572.9171,-0.0203
586,586,20604.4504,20604.7506,+0.3002
587,587,20635.5996,20636.0887,+0.4891
588,588,20666.2806,20666.8777,+0.5971
589,589,20696.9137,20694.5076,-2.4061
590,590,20728.8439,20729.9753,+1.1314
591,591,20760.2069,20761.3442,+1.1373
592,592,20791.4864,20792.3406,+0.8542
593,593,20822.8884,20824.0933,+1.2049
594,594,20854.2522,20855.0261,+0.7739
595,595,20885.5557,20886.1434,+0.5877
596,596,20916.5209,20917.6897,+1.1688
597,597,20947.9260,20948.8208,+0.8948
599,599,21009.8424,21010.9709,+1.1285
600,600,21041.3909,21047.0127,+5.6218
601,601,21071.8581,21074.4352,+2.5771
602,602,21105.9703,21111.9591,+5.9888
603,603,21228.8344,21228.8429,+0.0085
604,604,21259.5173,21259.8329,+0.3156
605,605,21291.3199,21291.3847,+0.0648
606,606,21322.1247,21322.3526,+0.2279
607,607,21353.8770,21353.9346,+0.0576
608,608,21384.9750,21385.2028,+0.2279
609,609,21416.5480,21416.1154,-0.4327
610,610,21448.8931,21447.3237,-1.5694
611,611,21478.7780,21478.7845,+0.0066
612,612,21509.9256,21509.9268,+0.0013
613,613,21541.4488,21541.0976,-0.3511
614,614,21572.4950,21572.4635,-0.0315
615,615,21604.2425,21604.2425,-0.0000
616,616,21635.3527,21635.3504,-0.0023
617,617,21666.9163,21666.9259,+0.0096
618,618,21697.9938,21698.4559,+0.4621
619,619,21729.3933,21729.3897,-0.0036
620,620,21760.1907,21760.2195,+0.0288
621,621,21791.5601,21791.5953,+0.0352
622,622,21823.4393,21823.0523,-0.3870
623,623,21854.4112,21854.4073,-0.0039
624,624,21885.6274,21885.2198,-0.4076
625,625,21916.4873,21916.8527,+0.3654
626,626,21981.9397,21981.9397,+0.0000
627,627,22013.2956,22013.7141,+0.4185
628,628,22044.9014,22046.5763,+1.6749
629,629,22069.2994,22072.9471,+3.6478
630,630,22107.2930,22107.3526,+0.0596
631,631,22229.0606,22229.0918,+0.0311
632,632,22260.5779,22260.1613,-0.4166
633,633,22291.4439,22291.5987,+0.1548
634,634,22323.2147,22322.8240,-0.3906
635,635,22354.3044,22354.3016,-0.0027
636,636,22385.5302,22385.5145,-0.0157
637,637,22416.4167,22416.5882,+0.1715
638,638,22447.3969,22447.8298,+0.4328
639,639,22478.7752,22478.7829,+0.0077
640,640,22508.2924,22510.1714,+1.8790
641,641,22541.8287,22541.2840,-0.5447
642,642,22572.9374,22572.9171,-0.0203
643,643,22604.3706,22604.7126,+0.3420
644,644,22635.5613,22636.0466,+0.4853
645,645,22666.8101,22666.8361,+0.0260
646,646,22696.8387,22694.4656,-2.3731
647,647,22728.8653,22729.7866,+0.9214
648,648,22760.0762,22761.3651,+1.2888
649,649,22791.5072,22792.3614,+0.8542
650,650,22822.9092,22824.1141,+1.2049
651,651,22854.1580,22854.9840,+0.8260
652,652,22885.5929,22886.1017,+0.5088
653,653,22916.4792,22917.6480,+1.1688
654,654,22947.8843,22948.7791,+0.8948
655,655,22979.3477,22960.8017,-18.5460
656,656,23009.8632,23010.9796,+1.1164
657,657,23041.2917,23040.8854,-0.4063
658,658,23071.9091,23074.7199,+2.8108
659,659,23105.9911,23111.9799,+5.9888
660,660,23228.9594,23228.9679,+0.0085
661,661,23259.6423,23259.9579,+0.3156
662,662,23291.4449,23291.5097,+0.0648
663,663,23322.2497,23322.4776,+0.2279
664,664,23354.0394,23354.0352,-0.0042
665,665,23385.3503,23385.1702,-0.1801
666,666,23406.8265,23416.0737,+9.2472
667,667,23447.7969,23447.4023,-0.3946
668,668,23478.7761,23478.7826,+0.0065
669,669,23509.9256,23509.9269,+0.0012
670,670,23541.4487,23541.4630,+0.0143
671,671,23572.4951,23572.4636,-0.0315
672,672,23604.1423,23604.1423,+0.0000
673,673,23635.2694,23635.2671,-0.0023
674,674,23666.8330,23666.8426,+0.0096
675,675,23697.9105,23698.3726,+0.4621
676,676,23729.3157,23729.3172,+0.0015
677,677,23760.1907,23760.2195,+0.0287
678,678,23791.4453,23791.5953,+0.1499
679,679,23823.4390,23822.7517,-0.6873
680,680,23854.3445,23854.3427,-0.0018
681,681,23885.6274,23885.2198,-0.4076
682,682,23916.4873,23916.8527,+0.3654
683,683,23978.9607,23978.9607,-0.0000
684,684,24010.3164,24010.7349,+0.4185
685,685,24041.9222,24043.5970,+1.6749
686,686,24066.3263,24069.9684,+3.6421
687,687,24104.3138,24104.3734,+0.0596
688,688,24229.0815,24229.1126,+0.0311
689,689,24260.5987,24260.1821,-0.4166
690,690,24291.4647,24291.6196,+0.1548
691,691,24323.2355,24322.8449,-0.3906
692,692,24354.2126,24354.1499,-0.0627
693,693,24385.5926,24385.5770,-0.0157
694,694,24416.4792,24416.6507,+0.1715
695,695,24447.8843,24447.8923,+0.0080
696,696,24478.7981,24478.8055,+0.0074
697,697,24508.3111,24510.1922,+1.8811
698,698,24541.8495,24541.3048,-0.5447
699,699,24572.9582,24572.9379,-0.0203
700,700,24604.4020,24604.7552,+0.3533
701,701,24635.6012,24636.0885,+0.4873
702,702,24666.2806,24666.8777,+0.5971
703,703,24696.9138,24694.5059,-2.4079
704,704,24728.8439,24729.9753,+1.1314
705,705,24760.2069,24761.3442,+1.1373
706,706,24791.4864,24792.3406,+0.8542
707,707,24822.8884,24824.0933,+1.2049
708,708,24854.3446,24855.3247,+0.9801
709,709,24885.5721,24886.2888,+0.7167
710,710,24916.4584,24917.6272,+1.1688
711,711,24947.8635,24947.7054,-0.1580
712,712,24979.3269,24960.7787,-18.5482
713,713,25009.8423,25010.9709,+1.1285
714,714,25041.3909,25047.0119,+5.6210
715,715,25071.8581,25074.4352,+2.5771
716,716,25105.9703,25111.9591,+5.9888
717,717,25228.8136,25228.8221,+0.0085
718,718,25259.4964,25259.8120,+0.3156
719,719,25291.2990,25291.3638,+0.0648
720,720,25322.1039,25322.3317,+0.2279
721,721,25353.8561,25353.9137,+0.0576
722,722,25384.9541,25385.1820,+0.2279
723,723,25416.5272,25416.0945,-0.4327
724,724,25448.8722,25447.3029,-1.5693
725,725,25478.7969,25478.8034,+0.0065
726,726,25509.9464,25509.9477,+0.0012
727,727,25541.1085,25541.1186,+0.0100
728,728,25572.5159,25572.4844,-0.0315
729,729,25604.2737,25604.2736,-0.0001
730,730,25635.3944,25635.3921,-0.0023
731,731,25666.9580,25666.9676,+0.0096
732,732,25698.0355,25698.4976,+0.4621
733,733,25729.4350,25729.4314,-0.0036
734,734,25760.2324,25760.2611,+0.0288
735,735,25791.6017,25791.6370,+0.0352
736,736,25823.4809,25823.0940,-0.3869
737,737,25854.4895,25854.5527,+0.0632
738,738,25885.3277,25885.3654,+0.0377
739,739,25916.6330,25916.9986,+0.3656
740,740,25979.0233,25979.0233,-0.0000
741,741,26010.3789,26010.7973,+0.4184
742,742,26041.9847,26043.6596,+1.6749
743,743,26066.3860,26070.0299,+3.6439
744,744,26104.3763,26104.4359,+0.0596
745,745,26229.1023,26229.1334,+0.0311
746,746,26260.6196,26260.2030,-0.4166
747,747,26291.4856,26291.6404,+0.1548
748,748,26323.2563,26322.8657,-0.3906
749,749,26354.2335,26354.1708,-0.0627
750,750,26385.6135,26385.5978,-0.0157
751,751,26416.5000,26416.6715,+0.1715
752,752,26447.9051,26447.9131,+0.0080
753,753,26478.8189,26478.8263,+0.0074
754,754,26508.3312,26510.2130,+1.8819
755,755,26541.8703,26541.3257,-0.5447
756,756,26572.9791,26572.9588,-0.0203
757,757,26604.4123,26604.7543,+0.3420
758,758,26635.6030,26636.0882,+0.4852
759,759,26666.8520,26666.8777,+0.0258
760,760,26696.8802,26694.5059,-2.3743
761,761,26728.8642,26729.9959,+1.1317
762,762,26760.2278,26761.3651,+1.1373
763,763,26791.5072,26792.3614,+0.8542
764,764,26822.9092,26824.1141,+1.2049
765,765,26854.3654,26854.9840,+0.6186
766,766,26885.5930,26886.1017,+0.5087
767,767,26916.4792,26917.6480,+1.1688
768,768,26947.8843,26948.7791,+0.8948
770,770,27009.8840,27011.0021,+1.1180
771,771,27041.4790,27041.6406,+0.1616
772,772,27071.9097,27074.6177,+2.7080
773,773,27106.0140,27112.0008,+5.9868
774,774,27228.8761,27228.8846,+0.0085
775,775,27259.5589,27259.8745,+0.3156
776,776,27291.3615,27291.4263,+0.0648
777,777,27322.1664,27322.3942,+0.2279
778,778,27353.9367,27353.9284,-0.0083
779,779,27384.9749,27385.2120,+0.2371
780,780,27406.8668,27416.1154,+9.2485
781,781,27448.8930,27447.3237,-1.5693
782,782,27478.7780,27478.7845,+0.0066
783,783,27509.9256,27509.9268,+0.0013
784,784,27541.4488,27541.4629,+0.0142
785,785,27572.4950,27572.4635,-0.0315
786,786,27604.1955,27604.1955,+0.0000
787,787,27635.3110,27635.3088,-0.0023
788,788,27666.8746,27666.8843,+0.0096
789,789,27697.9522,27698.4143,+0.4621
790,790,27729.3574,27729.3589,+0.0015
791,791,27760.2323,27760.2611,+0.0288
792,792,27791.4870,27791.6370,+0.1499
793,793,27823.4807,27822.7933,-0.6874
794,794,27854.2630,27854.5318,+0.2688
795,795,27885.1836,27885.3446,+0.1610
796,796,27916.6122,27916.9777,+0.3655
797,797,27978.9609,27978.9609,+0.0001
798,798,28010.3164,28010.7349,+0.4185
799,799,28041.9222,28043.5973,+1.6751
800,800,28066.3228,28069.9674,+3.6446
801,801,28104.3138,28104.3734,+0.0596
802,802,28229.1231,28229.1543,+0.0311
803,803,28260.6404,28260.2238,-0.4166
804,804,28291.5064,28291.6612,+0.1548
805,805,28323.2772,28322.8865,-0.3907
806,806,28354.3868,28354.1706,-0.2163
807,807,28385.6135,28385.5978,-0.0157
808,808,28416.5000,28416.6715,+0.1715
809,809,28447.9051,28447.9131,+0.0080
810,810,28479.0525,28478.8263,-0.2262
811,811,28508.3351,28510.2130,+1.8779
812,812,28541.4961,28541.3257,-0.1704
813,813,28572.9791,28572.9588,-0.0203
814,814,28604.4123,28604.7543,+0.3420
815,815,28635.6030,28636.0882,+0.4852
816,816,28666.4913,28666.8777,+0.3864
817,817,28696.8740,28694.5060,-2.3680
818,818,28728.9278,28729.8491,+0.9213
819,819,28760.1387,28761.4276,+1.2888
820,820,28791.5697,28792.4239,+0.8542
821,821,28822.9717,28824.1766,+1.2049
822,822,28854.3633,28854.9831,+0.6199
823,823,28885.5929,28886.1017,+0.5088
824,824,28916.4792,28917.6480,+1.1688
825,825,28947.4594,28948.7791,+1.3197
827,827,29009.8840,29011.0021,+1.1180
828,828,29041.4326,29041.6406,+0.2080
829,829,29071.8998,29074.6177,+2.7179
830,830,29106.0120,29112.0008,+5.9888
831,831,29228.9594,29228.9679,+0.0085
832,832,29259.6423,29259.9579,+0.3156
833,833,29291.4449,29291.5097,+0.0648
834,834,29322.2497,29322.4776,+0.2279
835,835,29354.0607,29354.0562,-0.0045
836,836,29384.9540,29385.1910,+0.2370
837,837,29406.8468,29416.0945,+9.2478
838,838,29447.8177,29447.4231,-0.3946
839,839,29478.8825,29478.8890,+0.0065
840,840,29510.0297,29510.0310,+0.0012
841,841,29541.5529,29541.5671,+0.0142
842,842,29572.5994,29572.5681,-0.0312
843,843,29604.2424,29604.2421,-0.0003
844,844,29635.3527,29635.3504,-0.0023
845,845,29666.9163,29666.9259,+0.0096
846,846,29697.9938,29698.4559,+0.4621
847,847,29729.4448,29729.3582,-0.0865
848,848,29760.2323,29760.2611,+0.0288
849,849,29791.4870,29791.6370,+0.1499
850,850,29823.4808,29822.7933,-0.6875
851,851,29854.4313,29854.4285,-0.0028
852,852,29885.6482,29885.2407,-0.4076
853,853,29916.5081,29916.8735,+0.3654
854,854,29978.9400,29978.9401,+0.0001
855,855,30010.2956,30010.7140,+0.4185
856,856,30041.9014,30043.5765,+1.6751
857,857,30066.3003,30069.9464,+3.6461
858,858,30104.2930,30104.3526,+0.0596
859,859,30229.1231,30229.1543,+0.0311
860,860,30260.6404,30260.2238,-0.4166
861,861,30291.5064,30291.6612,+0.1548
862,862,30323.2772,30322.8865,-0.3906
863,863,30354.1387,30354.3427,+0.2040
864,864,30385.5718,30385.5561,-0.0157
865,865,30416.4584,30416.6298,+0.1715
866,866,30448.2088,30447.8714,-0.3373
867,867,30479.0494,30478.8246,-0.2248
868,868,30508.3347,30510.2130,+1.8784
869,869,30541.4961,30541.3257,-0.1704
870,870,30572.9791,30572.9588,-0.0203
871,871,30604.4228,30604.7761,+0.3533
872,872,30635.6220,30636.1093,+0.4873
873,873,30666.8727,30666.8986,+0.0258
874,874,30696.9010,30694.5271,-2.3739
875,875,30729.1541,30730.3519,+1.1978
876,876,30760.2069,30761.3442,+1.1373
877,877,30791.4864,30792.5531,+1.0667
878,878,30822.8884,30824.0933,+1.2049
879,879,30854.3736,30855.2549,+0.8813
880,880,30885.2665,30886.3726,+1.1060
881,881,30907.1421,30917.4617,+10.3195
882,882,30948.1303,30948.9156,+0.7853
884,884,31009.8423,31012.2282,+2.3859
885,885,31041.3596,31051.9298,+10.5703
886,886,31072.1665,31074.3476,+2.1812
887,887,31104.3953,31111.9591,+7.5638
888,888,31228.8761,31228.8846,+0.0085
889,889,31259.5589,31259.8745,+0.3156
890,890,31291.3615,31291.4263,+0.0648
891,891,31322.1664,31322.3942,+0.2279
892,892,31353.8981,31353.9541,+0.0560
893,893,31384.9958,31385.2328,+0.2370
894,894,31406.8875,31416.1362,+9.2487
895,895,31448.9135,31447.3445,-1.5689
896,896,31478.8386,31478.8451,+0.0065
897,897,31509.9881,31509.9894,+0.0012
898,898,31541.1502,31541.1602,+0.0100
899,899,31572.5576,31572.5261,-0.0315
900,900,31604.4254,31604.4254,-0.0000
901,901,31635.5402,31635.5379,-0.0023
902,902,31667.1038,31667.1134,+0.0096
903,903,31698.1813,31698.6434,+0.4621
904,904,31729.4959,31729.4923,-0.0036
905,905,31760.8367,31760.8651,+0.0284
906,906,31791.9548,31791.6995,-0.2553
907,907,31823.3915,31823.4730,+0.0815
908,908,31854.4938,31854.4910,-0.0028
909,909,31885.7107,31885.4103,-0.3005
910,910,31915.0503,31916.9360,+1.8857
911,911,31978.9400,31978.9400,-0.0001
912,912,32010.2956,32010.7140,+0.4185
913,913,32041.9014,32043.5765,+1.6751
914,914,32066.3026,32069.9464,+3.6439
915,915,32104.2930,32104.3526,+0.0596
916,916,32229.1231,32229.1543,+0.0311
917,917,32260.6404,32260.2238,-0.4166
918,918,32291.5064,32291.6612,+0.1548
919,919,32323.2772,32322.8865,-0.3906
920,920,32354.3868,32354.1706,-0.2163
921,921,32385.6135,32385.5978,-0.0157
922,922,32416.5000,32416.6715,+0.1715
923,923,32447.9051,32447.9131,+0.0080
924,924,32478.9017,32478.9091,+0.0074
925,925,32508.4223,32510.2964,+1.8741
926,926,32541.3581,32541.4090,+0.0509
927,927,32573.0624,32573.0421,-0.0203
928,928,32606.9615,32604.5682,-2.3933
929,929,32635.6475,32635.5946,-0.0529
930,930,32666.3223,32665.6679,-0.6544
931,931,32696.9555,32696.5660,-0.3895
932,932,32729.0114,32729.0233,+0.0120
933,933,32760.2221,32760.4467,+0.2246
934,934,32791.3432,32791.8097,+0.4664
935,935,32822.6480,32822.7014,+0.0535
936,936,32854.2013,32854.1915,-0.0098
937,937,32885.6346,32885.6188,-0.0158
938,938,32916.5209,32916.6923,+0.1715
939,939,32947.9260,32947.9340,+0.0080
940,940,32979.4085,32979.9592,+0.5507
941,941,33009.9466,33010.0893,+0.1427
942,942,33041.3751,33040.7973,-0.5778
943,943,33071.8773,33071.9476,+0.0704
944,944,33106.0734,33104.4365,-1.6368
945,945,33228.8552,33228.8637,+0.0085
946,946,33259.5381,33259.8537,+0.3156
947,947,33291.3407,33291.4055,+0.0648
948,948,33322.1455,33322.3734,+0.2279
949,949,33353.8978,33353.9554,+0.0576
950,950,33384.9958,33385.2237,+0.2279
951,951,33416.5689,33416.1362,-0.4327
952,952,33448.9139,33447.3445,-1.5693
953,953,33478.8386,33478.8451,+0.0065
954,954,33509.9881,33509.9894,+0.0012
955,955,33541.1502,33541.1602,+0.0100
956,956,33572.5576,33572.5261,-0.0315
957,957,33604.2048,33604.2048,+0.0000
958,958,33635.3319,33635.3296,-0.0023
959,959,33666.8955,33666.9051,+0.0096
960,960,33697.9730,33698.4351,+0.4621
961,961,33729.3574,33729.3588,+0.0015
962,962,33760.2323,33760.2611,+0.0288
963,963,33791.4870,33791.6370,+0.1499
964,964,33823.4809,33822.7933,-0.6875
965,965,33854.4043,33854.4036,-0.0007
966,966,33885.6899,33885.2823,-0.4076
967,967,33916.5498,33916.9151,+0.3653
968,968,33978.9816,33978.9816,+0.0000
969,969,34010.3372,34010.7557,+0.4184
970,970,34041.9430,34043.6182,+1.6752
971,971,34066.3419,34069.9884,+3.6465
972,972,34104.3346,34104.3943,+0.0596
973,973,34229.1440,34229.1751,+0.0311
974,974,34260.6612,34260.2446,-0.4166
975,975,34291.5272,34291.6821,+0.1548
976,976,34323.2980,34322.9074,-0.3906
977,977,34354.3877,34354.3850,-0.0027
978,978,34385.6135,34385.5978,-0.0157
979,979,34416.5000,34416.6715,+0.1715
980,980,34447.4803,34447.9131,+0.4328
981,981,34478.8586,34478.8662,+0.0077
982,982,34508.3766,34510.2547,+1.8781
983,983,34541.9120,34541.3673,-0.5447
984,984,34573.0207,34573.0004,-0.0203
985,985,34604.5577,34604.4337,-0.1240
986,986,34635.7269,34635.6825,-0.0445
987,987,34666.4056,34666.4727,+0.0671
988,988,34696.8864,34697.1588,+0.2724
989,989,34728.8858,34728.8977,+0.0118
990,990,34760.2486,34760.3217,+0.0731
991,991,34791.5280,34791.6847,+0.1566
992,992,34822.9301,34822.7979,-0.1322
993,993,34854.1636,34854.3137,+0.1501
994,994,34885.6554,34885.6396,-0.0158
995,995,34916.5417,34916.7132,+0.1715
996,996,34947.9468,34947.9548,+0.0080
997,997,34979.4293,34979.9804,+0.5511
998,998,35009.9674,35010.1102,+0.1428
999,999,35041.3959,35040.8206,-0.5754
1000,1000,35071.8979,35071.9684,+0.0705
1001,1001,35106.0956,35104.4574,-1.6382
1002,1002,35228.8761,35228.8846,+0.0085
1003,1003,35259.5589,35259.8745,+0.3156
1004,1004,35291.3615,35291.4263,+0.0648
1005,1005,35322.1664,35322.3942,+0.2279
1006,1006,35353.8981,35353.9541,+0.0560
1007,1007,35384.9958,35385.2328,+0.2370
1008,1008,35406.8788,35416.1362,+9.2574
1009,1009,35448.9138,35447.3445,-1.5693
1010,1010,35478.8386,35478.8451,+0.0065
1011,1011,35509.9881,35509.9894,+0.0012
1012,1012,35541.1502,35541.1602,+0.0100
1013,1013,35572.5576,35572.5261,-0.0315
1014,1014,35604.3049,35604.3049,+0.0000
1015,1015,35635.4152,35635.4129,-0.0023
1016,1016,35666.9788,35666.9884,+0.0096
1017,1017,35698.0563,35698.5184,+0.4621
1018,1018,35729.5073,35729.4207,-0.0865
1019,1019,35760.2949,35760.3236,+0.0288
1020,1020,35791.5495,35791.6995,+0.1499
1021,1021,35823.5434,35822.8558,-0.6876
1022,1022,35854.4734,35854.4703,-0.0032
1023,1023,35885.6899,35885.2823,-0.4076
1024,1024,35916.5498,35916.9151,+0.3654
1025,1025,35978.9817,35978.9817,+0.0000
1026,1026,36010.3372,36010.7557,+0.4184
1027,1027,36041.9430,36043.6175,+1.6745
1028,1028,36066.3420,36069.9884,+3.6465
1029,1029,36104.3346,36104.3942,+0.0596
1030,1030,36229.1440,36229.1751,+0.0311
1031,1031,36260.6612,36260.2446,-0.4166
1032,1032,36291.5272,36291.6821,+0.1548
1033,1033,36323.2980,36322.9074,-0.3907
1034,1034,36354.3877,36354.3850,-0.0027
1035,1035,36385.6135,36385.5978,-0.0157
1036,1036,36416.5000,36416.6715,+0.1715
1037,1037,36447.4803,36447.9131,+0.4328
1038,1038,36478.9857,36478.9935,+0.0079
1039,1039,36508.5099,36510.3797,+1.8698
1040,1040,36541.4414,36541.4923,+0.0509
1041,1041,36573.1457,36573.1254,-0.0203
1042,1042,36604.1038,36604.1100,+0.0063
1043,1043,36635.6414,36635.4731,-0.1683
1044,1044,36666.8937,36665.6682,-1.2255
1045,1045,36696.9220,36696.0293,-0.8927
1046,1046,36728.9272,36728.9393,+0.0121
1047,1047,36760.4426,36760.3634,-0.0793
1048,1048,36791.5697,36791.7263,+0.1566
1049,1049,36822.9717,36822.8395,-0.1322
1050,1050,36854.4056,36854.1896,-0.2160
1051,1051,36885.6346,36885.6188,-0.0158
1052,1052,36916.5209,36916.6923,+0.1715
1053,1053,36947.9260,36947.9340,+0.0080
1054,1054,36979.4110,36979.3958,-0.0152
1055,1055,37009.9674,37010.1102,+0.1428
1056,1056,37041.3959,37040.8210,-0.5749
1057,1057,37071.8980,37071.9684,+0.0705
1058,1058,37106.0936,37104.4574,-1.6362
1059,1059,37228.9178,37228.9262,+0.0085
1060,1060,37259.6006,37259.9162,+0.3156
1061,1061,37291.4032,37291.4680,+0.0648
1062,1062,37322.2080,37322.4359,+0.2279
1063,1063,37353.9784,37353.9701,-0.0083
1064,1064,37385.0166,37385.2536,+0.2371
1065,1065,37406.8908,37416.1570,+9.2662
1066,1066,37448.9345,37447.3654,-1.5692
1067,1067,37478.9031,37478.9093,+0.0062
1068,1068,37510.0506,37510.0518,+0.0012
1069,1069,37541.2127,37541.2227,+0.0100
1070,1070,37572.6201,37572.5886,-0.0315
1071,1071,37604.2673,37604.2673,-0.0000
1072,1072,37635.3944,37635.3921,-0.0023
1073,1073,37666.9580,37666.9676,+0.0096
1074,1074,37698.0355,37698.4976,+0.4621
1075,1075,37729.4806,37729.4829,+0.0023
1076,1076,37760.3573,37760.3861,+0.0288
1077,1077,37791.6120,37791.7620,+0.1499
1078,1078,37823.6059,37822.9183,-0.6876
1079,1079,37854.3880,37854.6568,+0.2688
1080,1080,37885.2567,37885.4696,+0.2129
1081,1081,37916.7372,37917.1027,+0.3655
1082,1082,37978.9817,37978.9817,-0.0000
1083,1083,38010.3372,38010.7557,+0.4184
1084,1084,38041.9430,38043.6182,+1.6751
1085,1085,38066.3421,38069.9890,+3.6469
1086,1086,38104.3346,38104.3942,+0.0596
1087,1087,38229.1440,38229.1751,+0.0311
1088,1088,38260.6612,38260.2446,-0.4166
1089,1089,38291.5272,38291.6821,+0.1548
1090,1090,38323.2980,38322.9074,-0.3906
1091,1091,38354.4077,38354.1914,-0.2163
1092,1092,38385.6343,38385.6187,-0.0157
1093,1093,38416.5208,38416.6923,+0.1715
1094,1094,38447.9260,38447.9340,+0.0080
1095,1095,38478.9226,38478.9300,+0.0074
1096,1096,38508.4421,38510.3172,+1.8751
1097,1097,38541.3789,38541.4298,+0.0509
1098,1098,38573.0832,38573.0629,-0.0203
1099,1099,38604.6316,38604.5064,-0.1252
1100,1100,38635.6473,38635.4767,-0.1706
1101,1101,38666.8937,38665.6679,-1.2258
1102,1102,38696.9220,38696.0282,-0.8938
1103,1103,38728.8856,38728.8977,+0.0121
1104,1104,38760.2486,38760.3217,+0.0731
1105,1105,38791.5280,38791.6847,+0.1566
1106,1106,38822.9301,38822.7979,-0.1322
1107,1107,38854.3862,38854.3841,-0.0022
1108,1108,38885.6138,38885.5980,-0.0158
1109,1109,38916.5000,38916.6715,+0.1715
1110,1110,38947.4802,38947.9132,+0.4329
1111,1111,38979.3941,38979.3759,-0.0182
1112,1112,39009.9882,39010.1310,+0.1428
1113,1113,39041.4167,39041.4496,+0.0328
1114,1114,39071.8600,39072.0738,+0.2137
1115,1115,39106.1164,39104.4782,-1.6381
1116,1116,39228.8969,39228.9054,+0.0085
1117,1117,39259.5798,39259.8954,+0.3156
1118,1118,39291.3824,39291.4472,+0.0648
1119,1119,39322.1872,39322.4151,+0.2279
1120,1120,39353.9395,39353.9971,+0.0576
1121,1121,39385.0375,39385.2653,+0.2279
1122,1122,39416.6105,39416.1779,-0.4327
1123,1123,39448.9560,39447.3862,-1.5698
1124,1124,39478.8601,39478.8667,+0.0066
1125,1125,39510.0090,39510.0102,+0.0013
1126,1126,39541.1709,39541.1810,+0.0101
1127,1127,39572.5784,39572.5469,-0.0315
1128,1128,39604.3258,39604.3258,-0.0000
1129,1129,39635.4360,39635.4338,-0.0023
1130,1130,39666.9996,39667.0093,+0.0096
1131,1131,39698.0772,39698.5392,+0.4621
1132,1132,39729.5281,39729.4416,-0.0865
1133,1133,39760.3157,39760.3445,+0.0288
1134,1134,39791.5704,39791.7203,+0.1499
1135,1135,39823.5643,39822.8767,-0.6876
1136,1136,39854.5127,39855.7774,+1.2647
1137,1137,39885.7448,39886.8620,+1.1171
1138,1138,39917.0317,39918.2274,+1.1957
1139,1139,39978.9818,39978.9818,-0.0000
1140,1140,40010.3372,40010.7556,+0.4184
1141,1141,40041.9431,40043.6175,+1.6745
1142,1142,40066.3421,40069.9884,+3.6463
1143,1143,40104.3346,40104.3943,+0.0596
1144,1144,40229.1440,40229.1751,+0.0311
1145,1145,40260.6612,40260.2446,-0.4166
1146,1146,40291.5272,40291.6821,+0.1548
1147,1147,40323.2980,40322.9074,-0.3906
1148,1148,40354.4077,40354.1914,-0.2163
1149,1149,40385.6343,40385.6186,-0.0157
1150,1150,40416.5209,40416.6923,+0.1715
1151,1151,40447.9259,40447.9340,+0.0080
1152,1152,40478.8595,40478.8670,+0.0075
1153,1153,40508.3754,40510.2547,+1.8793
1154,1154,40541.9120,40541.3673,-0.5447
1155,1155,40573.0207,40573.0004,-0.0203
1156,1156,40604.4165,40604.6149,+0.1983
1157,1157,40634.6738,40637.7974,+3.1236
1158,1158,40666.9470,40665.3281,-1.6190
1159,1159,40697.6982,40697.6901,-0.0081
1160,1160,40728.9689,40728.9811,+0.0122
1161,1161,40760.1804,40760.4050,+0.2246
1162,1162,40791.6114,40791.7680,+0.1566
1163,1163,40822.6882,40822.6598,-0.0285
1164,1164,40854.6497,40854.4630,-0.1867
1165,1165,40885.5445,40885.3085,-0.2360
1166,1166,40916.5753,40916.5214,-0.0539
1167,1167,40949.2664,40947.4795,-1.7868
1168,1168,40980.4069,40979.2715,-1.1353
1169,1169,41010.0084,41010.1514,+0.1431
1170,1170,41041.4376,41041.4571,+0.0196
1171,1171,41071.9767,41072.1200,+0.1434
1172,1172,41106.1353,41104.4991,-1.6363
1173,1173,41228.8969,41228.9054,+0.0085
1174,1174,41259.5798,41259.8954,+0.3156
1175,1175,41291.3824,41291.4472,+0.0648
1176,1176,41322.1872,41322.4151,+0.2279
1177,1177,41353.9395,41353.9971,+0.0576
1178,1178,41385.0375,41385.2653,+0.2279
1179,1179,41416.6105,41416.1779,-0.4327
1180,1180,41448.9556,41447.3862,-1.5694
1181,1181,41478.8803,41478.8867,+0.0065
1182,1182,41510.0298,41510.0310,+0.0013
1183,1183,41541.1918,41541.2019,+0.0100
1184,1184,41572.5992,41572.5678,-0.0315
1185,1185,41604.2997,41604.2997,-0.0000
1186,1186,41635.4152,41635.4129,-0.0023
1187,1187,41666.9788,41666.9884,+0.0096
1188,1188,41698.0563,41698.5184,+0.4621
1189,1189,41729.4407,41729.4422,+0.0015
1190,1190,41760.3157,41760.3445,+0.0288
1191,1191,41791.5704,41791.7203,+0.1499
1192,1192,41823.5641,41822.8767,-0.6874
1193,1193,41854.3860,41854.6567,+0.2707
1194,1194,41885.3087,41885.4695,+0.1609
1195,1195,41916.7372,41917.1027,+0.3655
1196,1196,41979.0026,41979.0026,+0.0000
1197,1197,42010.3581,42010.7765,+0.4185
1198,1198,42041.9638,42043.6390,+1.6751
1199,1199,42066.3649,42070.0091,+3.6441
1200,1200,42104.3555,42104.4151,+0.0596
1201,1201,42229.1440,42229.1751,+0.0311
1202,1202,42260.6612,42260.2446,-0.4166
1203,1203,42291.5272,42291.6821,+0.1548
1204,1204,42323.2980,42322.9074,-0.3906
1205,1205,42354.2751,42354.2124,-0.0627
1206,1206,42385.6551,42385.6395,-0.0157
1207,1207,42416.5417,42416.7132,+0.1715
1208,1208,42447.9468,42447.9548,+0.0080
1209,1209,42478.9002,42478.9079,+0.0077
1210,1210,42508.4201,42510.2964,+1.8762
1211,1211,42541.3581,42541.4090,+0.0509
1212,1212,42573.0624,42573.0421,-0.0203
1213,1213,42606.9551,42604.5681,-2.3869
1214,1214,42635.6475,42635.4896,-0.1578
1215,1215,42666.8935,42665.6678,-1.2257
1216,1216,42696.9220,42696.0291,-0.8929
1217,1217,42728.9059,42728.9182,+0.0123
1218,1218,42760.2694,42760.3425,+0.0731
1219,1219,42791.5489,42791.7055,+0.1566
1220,1220,42822.9509,42822.8187,-0.1322
1221,1221,42854.3147,42854.2535,-0.0612
1222,1222,42885.6182,42885.3368,-0.2814
1223,1223,42916.5834,42916.7548,+0.1715
1224,1224,42947.9885,42950.9053,+2.9168
1225,1225,42979.4735,42979.4583,-0.0152
1226,1226,43010.0299,43010.1727,+0.1428
1227,1227,43041.4673,43041.5375,+0.0702
1228,1228,43072.1417,43072.1861,+0.0445
1229,1229,43106.1580,43104.4409,-1.7171
1230,1230,43228.9178,43228.9262,+0.0085
1231,1231,43259.6006,43259.9162,+0.3156
1232,1232,43291.4032,43291.4680,+0.0648
1233,1233,43322.2080,43322.4359,+0.2279
1234,1234,43353.9398,43353.9958,+0.0560
1235,1235,43385.0374,43385.2745,+0.2370
1236,1236,43406.9116,43416.1779,+9.2663
1237,1237,43448.9554,43447.3862,-1.5692
1238,1238,43478.9022,43478.9084,+0.0062
1239,1239,43510.0506,43510.0518,+0.0012
1240,1240,43541.2127,43541.2227,+0.0100
1241,1241,43572.6201,43572.5885,-0.0315
1242,1242,43604.2929,43604.2929,-0.0000
1243,1243,43635.4152,43635.4129,-0.0023
1244,1244,43666.9788,43666.9884,+0.0096
1245,1245,43698.0563,43698.5184,+0.4621
1246,1246,43729.4615,43729.4630,+0.0015
1247,1247,43760.3365,43760.3653,+0.0288
1248,1248,43791.5912,43791.7411,+0.1499
1249,1249,43823.5850,43822.8975,-0.6875
1250,1250,43854.4957,43854.4915,-0.0042
1251,1251,43885.7108,43885.3031,-0.4077
1252,1252,43916.5705,43916.9360,+0.3655
1253,1253,43979.0234,43979.0234,+0.0000
1254,1254,44010.3789,44010.7973,+0.4184
1255,1255,44041.9847,44043.6597,+1.6750
1256,1256,44066.3845,44070.0299,+3.6454
1257,1257,44104.3763,44104.4359,+0.0596
1258,1258,44229.1856,44229.2168,+0.0311
1259,1259,44260.7029,44260.2863,-0.4166
1260,1260,44291.5689,44291.7237,+0.1548
1261,1261,44323.3397,44322.9490,-0.3906
1262,1262,44354.4294,44354.4266,-0.0027
1263,1263,44385.6551,44385.6395,-0.0157
1264,1264,44416.5417,44416.7132,+0.1715
1265,1265,44447.5219,44447.9548,+0.4328
1266,1266,44478.9854,44478.9929,+0.0075
1267,1267,44508.5101,44510.3797,+1.8696
1268,1268,44541.4414,44541.4923,+0.0509
1269,1269,44573.1457,44573.1254,-0.0203
1270,1270,44604.6341,44604.4891,-0.1450
1271,1271,44635.6637,44635.4861,-0.1775
1272,1272,44666.5538,44665.6885,-0.8652
1273,1273,44696.9363,44695.5261,-1.4102
1274,1274,44728.9481,44728.9602,+0.0121
1275,1275,44760.3111,44760.3842,+0.0731
1276,1276,44791.5905,44791.7472,+0.1566
1277,1277,44822.9926,44822.8604,-0.1322
1278,1278,44854.4265,44854.4250,-0.0015
1279,1279,44885.6555,44885.6396,-0.0158
1280,1280,44916.5417,44916.7132,+0.1715
1281,1281,44947.5219,44947.9548,+0.4329
1282,1282,44979.4109,44980.2637,+0.8528
1283,1283,45009.9465,45010.0893,+0.1428
1284,1284,45041.4951,45041.6628,+0.1678
1285,1285,45071.9623,45071.4164,-0.5460
1286,1286,45106.0727,45104.4366,-1.6362
1287,1287,45228.9178,45228.9262,+0.0085
1288,1288,45259.6006,45259.9162,+0.3156
1289,1289,45291.4032,45291.4680,+0.0648
1290,1290,45322.2080,45322.4359,+0.2279
1291,1291,45353.9603,45354.0179,+0.0576
1292,1292,45385.0583,45385.2862,+0.2279
1293,1293,45416.6314,45416.1987,-0.4327
1294,1294,45448.9761,45447.4070,-1.5691
1295,1295,45478.9448,45478.9510,+0.0062
1296,1296,45510.0922,45510.0934,+0.0012
1297,1297,45541.0068,45541.0007,-0.0061
1298,1298,45572.6618,45572.6303,-0.0315
1299,1299,45604.3090,45604.3090,-0.0000
1300,1300,45635.4360,45635.4338,-0.0023
1301,1301,45666.9996,45667.0093,+0.0096
1302,1302,45698.0772,45698.5393,+0.4621
1303,1303,45729.4824,45729.4839,+0.0015
1304,1304,45760.3573,45760.3861,+0.0288
1305,1305,45791.6120,45791.7620,+0.1499
1306,1306,45823.6058,45822.9183,-0.6874
1307,1307,45854.4917,45854.4892,-0.0025
1308,1308,45885.7732,45885.3657,-0.4076
1309,1309,45916.6331,45916.9985,+0.3654
1310,1310,45979.0858,45979.0859,+0.0001
1311,1311,46010.4414,46010.8599,+0.4185
1312,1312,46042.0472,46043.7218,+1.6746
1313,1313,46066.4514,46070.0931,+3.6417
1314,1314,46104.4388,46104.4984,+0.0596
1315,1315,46229.1648,46229.1959,+0.0311
1316,1316,46260.6821,46260.2655,-0.4166
1317,1317,46291.5481,46291.7029,+0.1548
1318,1318,46323.3188,46322.9282,-0.3906
1319,1319,46354.2849,46354.2744,-0.0105
1320,1320,46385.6386,46385.3577,-0.2809
1321,1321,46416.6042,46416.7757,+0.1715
1322,1322,46448.0093,46450.9262,+2.9169
1323,1323,46478.9843,46478.9918,+0.0075
1324,1324,46508.5052,46510.3797,+1.8745
1325,1325,46541.4414,46541.4923,+0.0509
1326,1326,46573.1457,46573.1254,-0.0203
1327,1327,46604.4977,46604.1095,-0.3883
1328,1328,46635.7253,46635.6813,-0.0440
1329,1329,46666.4056,46665.7510,-0.6546
1330,1330,46696.6837,46697.1218,+0.4381
1331,1331,46728.9488,46728.9607,+0.0118
1332,1332,46760.4635,46760.3842,-0.0793
1333,1333,46791.5905,46791.7472,+0.1566
1334,1334,46822.9926,46822.8604,-0.1322
1335,1335,46854.6289,46854.4422,-0.1867
1336,1336,46885.3915,46885.3769,-0.0146
1337,1337,46916.8638,46916.7560,-0.1078
1338,1338,46947.3743,46946.6812,-0.6931
1339,1339,46984.4257,46979.9573,-4.4684
1340,1340,47009.9871,47010.1303,+0.1432
1341,1341,47041.4167,47040.8414,-0.5754
1342,1342,47071.9189,47071.9893,+0.0704
1343,1343,47106.1182,47104.4782,-1.6400
1344,1344,47228.9386,47228.9471,+0.0085
1345,1345,47259.6215,47259.9370,+0.3156
1346,1346,47291.4240,47291.4888,+0.0648
1347,1347,47322.2289,47322.4567,+0.2279
1348,1348,47353.9811,47354.0387,+0.0576
1349,1349,47385.0791,47385.3070,+0.2279
1350,1350,47416.6522,47416.2195,-0.4327
1351,1351,47448.9968,47447.4279,-1.5690
1352,1352,47478.9219,47478.9284,+0.0065
1353,1353,47510.0714,47510.0727,+0.0013
1354,1354,47541.2335,47541.2435,+0.0100
1355,1355,47572.6409,47572.6094,-0.0315
1356,1356,47604.2881,47604.2882,+0.0000
1357,1357,47635.4152,47635.4129,-0.0023
1358,1358,47666.9788,47666.9884,+0.0096
1359,1359,47698.0563,47698.5184,+0.4621
1360,1360,47729.4407,47729.4422,+0.0015
1361,1361,47760.3157,47760.3445,+0.0288
1362,1362,47791.5704,47791.7203,+0.1499
1363,1363,47823.5640,47822.8767,-0.6874
1364,1364,47854.5069,47854.5070,+0.0002
1365,1365,47885.3483,47885.3864,+0.0381
1366,1366,47916.6539,47917.0193,+0.3654
1367,1367,47979.0650,47979.0650,+0.0000
1368,1368,48010.4206,48010.8390,+0.4185
1369,1369,48042.0264,48043.7013,+1.6749
1370,1370,48066.4304,48070.0723,+3.6419
1371,1371,48104.4180,48104.4776,+0.0596
1372,1372,48229.2065,48229.2376,+0.0311
1373,1373,48260.7237,48260.3071,-0.4166
1374,1374,48291.5897,48291.7446,+0.1548
1375,1375,48323.3605,48322.9699,-0.3907
1376,1376,48354.3507,48354.3977,+0.0471
1377,1377,48385.8553,48385.4827,-0.3726
1378,1378,48407.2233,48416.9007,+9.6773
1379,1379,48449.0220,48451.0545,+2.0325
1380,1380,48478.9432,48478.9504,+0.0072
1381,1381,48508.4525,48510.3381,+1.8856
1382,1382,48541.3998,48541.4507,+0.0509
1383,1383,48573.1041,48573.0838,-0.0203
1384,1384,48604.5373,48604.4885,-0.0488
1385,1385,48635.7280,48635.6788,-0.0493
1386,1386,48666.4056,48665.7513,-0.6543
1387,1387,48697.0390,48696.6494,-0.3896
1388,1388,48728.9488,48728.9607,+0.0118
1389,1389,48760.3111,48760.3842,+0.0731
1390,1390,48791.5905,48791.7472,+0.1566
1391,1391,48822.9926,48822.8604,-0.1322
1392,1392,48854.3564,48854.2951,-0.0612
1393,1393,48885.7387,48885.7229,-0.0157
1394,1394,48916.6250,48916.7965,+0.1715
1395,1395,48948.0301,48948.0381,+0.0080
1396,1396,48979.4943,48980.3464,+0.8522
1397,1397,49010.0299,49010.1726,+0.1428
1398,1398,49041.4584,49040.8832,-0.5752
1399,1399,49071.9606,49071.8397,-0.1209
1400,1400,49106.1578,49104.5199,-1.6379
1401,1401,49228.9594,49228.9679,+0.0085
1402,1402,49259.6423,49259.9579,+0.3156
1403,1403,49291.4449,49291.5097,+0.0648
1404,1404,49322.2497,49322.4776,+0.2279
1405,1405,49353.9815,49354.0374,+0.0560
1406,1406,49385.0791,49385.3161,+0.2370
1407,1407,49406.9741,49416.2195,+9.2454
1408,1408,49448.9974,49447.4279,-1.5696
1409,1409,49478.8821,49478.8887,+0.0066
1410,1410,49510.0297,49510.0310,+0.0013
1411,1411,49541.5529,49541.5671,+0.0142
1412,1412,49572.5992,49572.5677,-0.0315
1413,1413,49604.3467,49604.3467,-0.0000
1414,1414,49635.4569,49635.4546,-0.0023
1415,1415,49667.0205,49667.0301,+0.0096
1416,1416,49698.0980,49698.5601,+0.4621
1417,1417,49729.5489,49729.4624,-0.0865
1418,1418,49760.3365,49760.3653,+0.0288
1419,1419,49791.5912,49791.7411,+0.1499
1420,1420,49823.5850,49822.8975,-0.6875
1421,1421,49854.5355,49854.5327,-0.0028
1422,1422,49885.7524,49885.3448,-0.4076
1423,1423,49916.6123,49916.9777,+0.3654
1424,1424,49979.0442,49979.0443,+0.0001
1425,1425,50010.3997,50010.8181,+0.4184
1426,1426,50042.0055,50043.6804,+1.6749
1427,1427,50066.4082,50070.0514,+3.6432
1428,1428,50104.3971,50104.4567,+0.0596
1429,1429,50229.2273,50229.2584,+0.0311
1430,1430,50260.7446,50260.3280,-0.4166
1431,1431,50291.6106,50291.7654,+0.1548
1432,1432,50323.3813,50322.9907,-0.3906
1433,1433,50354.4710,50354.4683,-0.0027
1434,1434,50385.6968,50385.6811,-0.0157
1435,1435,50416.5834,50416.7548,+0.1715
1436,1436,50447.5636,50447.9965,+0.4328
1437,1437,50478.9419,50478.9496,+0.0077
1438,1438,50508.4641,50510.3380,+1.8739
1439,1439,50541.9953,50541.4507,-0.5447
1440,1440,50573.1041,50573.0838,-0.0203
1441,1441,50604.5373,50604.8793,+0.3420
1442,1442,50635.7280,50636.2132,+0.4853
1443,1443,50666.9770,50667.0027,+0.0257
1444,1444,50697.0053,50694.6319,-2.3734
1445,1445,50728.9689,50730.1003,+1.1314
1446,1446,50760.3319,50761.4692,+1.1373
1447,1447,50791.6114,50792.4656,+0.8542
1448,1448,50823.0134,50824.2183,+1.2049
1449,1449,50854.3772,50855.1511,+0.7739
1450,1450,50885.7595,50886.2684,+0.5089
1451,1451,50916.6459,50917.8147,+1.1688
1452,1452,50948.0510,50948.9458,+0.8948
1454,1454,51009.9882,51011.1115,+1.1233
1455,1455,51041.5367,51041.6895,+0.1528
1456,1456,51072.0039,51074.6349,+2.6310
1457,1457,51106.1161,51112.1049,+5.9888
1458,1458,51228.9803,51228.9887,+0.0085
1459,1459,51259.6631,51259.9787,+0.3156
1460,1460,51291.4657,51291.5305,+0.0648
1461,1461,51322.2705,51322.4984,+0.2279
1462,1462,51354.0228,51354.0804,+0.0576
1463,1463,51385.1208,51385.3487,+0.2279
1464,1464,51416.6939,51416.2612,-0.4327
1465,1465,51449.0388,51447.4695,-1.5692
1466,1466,51478.7488,51478.7466,-0.0023
1467,1467,51509.9073,51509.6740,-0.2333
1468,1468,51541.2981,51541.2924,-0.0057
1469,1469,51572.2766,51572.2456,-0.0311
1470,1470,51604.3864,51604.3863,-0.0000
1471,1471,51635.4985,51635.4963,-0.0023
1472,1472,51667.0621,51667.0718,+0.0096
1473,1473,51698.1397,51698.6017,+0.4621
1474,1474,51729.5201,51729.5162,-0.0039
1475,1475,51760.3157,51760.3445,+0.0288
1476,1476,51791.9756,51791.7203,-0.2554
1477,1477,51823.5641,51823.1773,-0.3868
1478,1478,51854.5570,51854.5523,-0.0047
1479,1479,51885.7733,51885.3656,-0.4076
1480,1480,51916.6331,51916.9985,+0.3653
1481,1481,51979.2316,51979.2316,-0.0000
1482,1482,52010.5872,52011.0057,+0.4184
1483,1483,52042.1930,52043.8677,+1.6747
1484,1484,52066.5943,52070.2383,+3.6441
1485,1485,52104.5846,52104.6443,+0.0596
1486,1486,52229.2481,52229.2793,+0.0312
1487,1487,52260.7654,52260.3488,-0.4166
1488,1488,52291.6314,52291.7862,+0.1548
1489,1489,52323.4022,52323.0115,-0.3906
1490,1490,52354.3793,52354.3166,-0.0627
1491,1491,52385.7593,52385.7436,-0.0157
1492,1492,52416.6459,52416.8173,+0.1715
1493,1493,52448.0509,52448.0590,+0.0080
1494,1494,52479.0685,52479.0760,+0.0075
1495,1495,52508.5925,52510.4630,+1.8705
1496,1496,52541.5248,52541.5757,+0.0509
1497,1497,52573.2291,52573.2088,-0.0203
1498,1498,52604.5796,52604.1935,-0.3862
1499,1499,52635.7031,52635.5382,-0.1649
1500,1500,52666.3295,52667.0771,+0.7476
1501,1501,52697.2033,52696.6846,-0.5187
1502,1502,52729.2793,52728.9807,-0.2985
1503,1503,52760.3319,52760.4050,+0.0731
1504,1504,52791.6114,52791.7680,+0.1566
1505,1505,52823.0134,52822.8812,-0.1322
1506,1506,52854.5119,52854.3970,-0.1149
1507,1507,52885.7387,52885.7230,-0.0158
1508,1508,52916.6250,52916.7965,+0.1715
1509,1509,52948.0301,52948.0381,+0.0080
1510,1510,52979.4936,52979.4859,-0.0077
1511,1511,53010.0090,53010.1518,+0.1428
1512,1512,53041.5576,53041.7253,+0.1677
1513,1513,53072.0248,53071.4787,-0.5461
1514,1514,53106.1370,53104.4991,-1.6379
1515,1515,53228.9386,53228.9471,+0.0085
1516,1516,53259.6214,53259.9370,+0.3156
1517,1517,53291.4240,53291.4888,+0.0648
1518,1518,53322.2289,53322.4567,+0.2279
1519,1519,53353.9811,53354.0387,+0.0576
1520,1520,53385.0791,53385.3070,+0.2279
1521,1521,53416.6522,53416.2195,-0.4327
1522,1522,53448.9969,53447.4279,-1.5690
1523,1523,53478.9439,53478.9501,+0.0062
1524,1524,53510.0922,53510.0935,+0.0012
1525,1525,53541.1329,53541.1235,-0.0094
1526,1526,53572.6617,53572.6302,-0.0315
1527,1527,53604.3875,53604.3875,+0.0000
1528,1528,53635.4985,53635.4963,-0.0023
1529,1529,53667.0621,53667.0718,+0.0096
1530,1530,53698.1397,53698.6018,+0.4621
1531,1531,53729.5585,53729.5553,-0.0031
1532,1532,53760.3574,53760.3861,+0.0288
1533,1533,53791.6120,53791.7620,+0.1499
1534,1534,53823.6059,53823.2190,-0.3869
1535,1535,53854.5336,53854.8013,+0.2677
1536,1536,53885.4030,53885.6369,+0.2339
1537,1537,53916.8834,53917.2486,+0.3652
1538,1538,53979.0234,53979.0234,-0.0000
1539,1539,54010.3789,54010.7974,+0.4185
1540,1540,54041.9847,54043.6597,+1.6750
1541,1541,54066.3822,54070.0301,+3.6479
1542,1542,54104.3763,54104.4359,+0.0596
1543,1543,54229.2273,54229.2584,+0.0311
1544,1544,54260.7446,54260.3280,-0.4166
1545,1545,54291.6106,54291.7654,+0.1548
1546,1546,54323.3813,54322.9907,-0.3907
1547,1547,54354.4710,54354.4683,-0.0027
1548,1548,54385.6968,54385.6811,-0.0157
1549,1549,54416.5834,54416.7548,+0.1715
1550,1550,54447.5636,54447.9965,+0.4328
1551,1551,54478.9851,54478.9925,+0.0074
1552,1552,54508.5081,54510.3797,+1.8716
1553,1553,54541.4414,54541.4923,+0.0509
1554,1554,54573.1457,54573.1254,-0.0203
1555,1555,54607.0446,54604.6516,-2.3930
1556,1556,54635.7308,54635.5730,-0.1578
1557,1557,54666.9769,54665.7509,-1.2260
1558,1558,54697.0054,54696.1122,-0.8932
1559,1559,54728.9689,54728.9810,+0.0121
1560,1560,54760.3319,54760.4050,+0.0731
1561,1561,54791.6114,54791.7680,+0.1566
1562,1562,54823.0134,54822.8812,-0.1322
1563,1563,54854.4915,54854.3772,-0.1143
1564,1564,54885.7179,54885.7021,-0.0158
1565,1565,54916.6042,54916.7757,+0.1715
1566,1566,54948.0093,54948.0173,+0.0080
1567,1567,54979.4727,54979.4650,-0.0077
1568,1568,55009.9882,55010.1310,+0.1428
1569,1569,55041.5367,55041.7045,+0.1677
1570,1570,55072.0039,55071.4578,-0.5461
1571,1571,55106.1160,55104.4782,-1.6378
1572,1572,55228.9803,55228.9887,+0.0085
1573,1573,55259.6631,55259.9787,+0.3156
1574,1574,55291.4657,55291.5305,+0.0648
1575,1575,55322.2705,55322.4984,+0.2279
1576,1576,55353.9821,55353.9775,-0.0047
1577,1577,55385.1416,55385.2146,+0.0730
1578,1578,55414.7300,55416.2820,+1.5520
1579,1579,55447.2939,55447.4904,+0.1965
1580,1580,55479.0408,55479.0345,-0.0063
1581,1581,55510.1964,55510.1976,+0.0012
1582,1582,55541.1109,55541.1050,-0.0059
1583,1583,55572.7660,55572.7347,-0.0313
1584,1584,55604.3402,55604.3401,-0.0001
1585,1585,55635.4569,55635.4546,-0.0023
1586,1586,55667.0205,55667.0301,+0.0096
1587,1587,55698.0980,55698.5601,+0.4621
1588,1588,55729.5229,55729.5249,+0.0020
1589,1589,55760.3990,55760.4278,+0.0288
1590,1590,55791.6537,55791.8036,+0.1499
1591,1591,55823.6474,55822.9600,-0.6874
1592,1592,55854.5122,55854.5096,-0.0025
1593,1593,55885.7941,55885.3865,-0.4076
1594,1594,55916.6539,55917.0193,+0.3654
1595,1595,55979.1275,55979.1275,+0.0001
1596,1596,56010.4831,56010.9015,+0.4185
1597,1597,56042.0889,56043.7637,+1.6749
1598,1598,56066.4893,56070.1341,+3.6447
1599,1599,56104.4805,56104.5401,+0.0596
1600,1600,56229.2481,56229.2793,+0.0311
1601,1601,56260.7654,56260.3488,-0.4166
1602,1602,56291.6314,56291.7862,+0.1548
1603,1603,56323.4022,56323.0115,-0.3906
1604,1604,56354.4295,56354.4183,-0.0112
1605,1605,56385.7844,56385.5035,-0.2809
1606,1606,56407.2504,56416.9215,+9.6711
1607,1607,56449.0430,56451.0721,+2.0291
1608,1608,56479.0053,56479.0125,+0.0072
1609,1609,56508.5164,56510.4005,+1.8842
1610,1610,56541.4623,56541.5132,+0.0509
1611,1611,56573.1666,56573.1463,-0.0203
1612,1612,56606.7100,56604.6529,-2.0571
1613,1613,56635.7713,56635.7203,-0.0510
1614,1614,56666.4473,56665.7925,-0.6548
1615,1615,56697.0805,56696.6908,-0.3897
1616,1616,56729.0106,56729.0227,+0.0121
1617,1617,56760.3736,56760.4467,+0.0731
1618,1618,56791.6530,56791.8097,+0.1566
1619,1619,56823.0551,56822.9229,-0.1322
1620,1620,56854.5112,56854.2931,-0.2182
1621,1621,56885.7388,56885.7230,-0.0158
1622,1622,56916.6250,56916.7965,+0.1715
1623,1623,56948.0301,56948.0382,+0.0080
1624,1624,56979.4943,56980.3465,+0.8522
1625,1625,57010.0299,57010.1727,+0.1428
1626,1626,57041.6249,57040.8832,-0.7417
1627,1627,57072.0556,57071.6369,-0.4187
1628,1628,57106.1596,57104.5199,-1.6397
1629,1629,57228.9803,57228.9887,+0.0085
1630,1630,57259.6631,57259.9787,+0.3156
1631,1631,57291.4657,57291.5305,+0.0648
1632,1632,57322.2705,57322.4984,+0.2279
1633,1633,57353.9821,57353.9774,-0.0047
1634,1634,57385.1416,57385.2146,+0.0730
1635,1635,57414.7302,57416.2820,+1.5518
1636,1636,57447.2939,57447.4904,+0.1965
1637,1637,57478.9090,57478.9049,-0.0041
1638,1638,57510.1780,57509.6619,-0.5161
1639,1639,57540.9566,57541.2867,+0.3301
1640,1640,57572.5451,57572.3607,-0.1844
1641,1641,57604.3788,57604.3787,-0.0000
1642,1642,57635.4985,57635.4963,-0.0023
1643,1643,57667.0621,57667.0718,+0.0096
1644,1644,57698.1397,57698.6017,+0.4621
1645,1645,57729.5240,57729.5255,+0.0015
1646,1646,57760.3990,57760.4278,+0.0288
1647,1647,57791.6537,57791.8036,+0.1499
1648,1648,57823.6475,57822.9600,-0.6875
1649,1649,57854.5980,57854.5952,-0.0028
1650,1650,57885.8149,57885.4073,-0.4076
1651,1651,57916.6748,57917.0402,+0.3654
1652,1652,57979.0650,57979.0650,-0.0000
1653,1653,58010.4206,58010.8390,+0.4184
1654,1654,58042.0264,58043.7012,+1.6748
1655,1655,58066.4261,58070.0714,+3.6453
1656,1656,58104.4180,58104.4776,+0.0596
1657,1657,58229.2481,58229.2793,+0.0311
1658,1658,58260.7654,58260.3488,-0.4166
1659,1659,58291.6314,58291.7862,+0.1548
1660,1660,58323.4022,58323.0115,-0.3907
1661,1661,58354.3883,58354.3779,-0.0105
1662,1662,58385.7427,58385.4619,-0.2809
1663,1663,58416.7084,58416.8798,+0.1715
1664,1664,58448.1134,58451.0312,+2.9177
1665,1665,58479.1767,58478.9502,-0.2265
1666,1666,58508.4547,58510.3380,+1.8833
1667,1667,58541.6211,58541.4507,-0.1704
1668,1668,58573.1041,58573.0838,-0.0203
1669,1669,58604.6171,58604.9173,+0.3002
1670,1670,58635.7663,58636.2554,+0.4891
1671,1671,58666.4473,58667.0444,+0.5971
1672,1672,58697.0804,58694.6747,-2.4057
1673,1673,58729.0106,58730.1420,+1.1314
1674,1674,58760.3736,58761.5109,+1.1373
1675,1675,58791.6530,58792.5073,+0.8542
1676,1676,58823.0551,58824.2600,+1.2049
1677,1677,58854.5112,58855.4913,+0.9801
1678,1678,58885.7388,58886.4555,+0.7167
1679,1679,58916.6250,58917.7938,+1.1688
1680,1680,58948.0301,58947.8720,-0.1581
1681,1681,58979.5152,58979.8913,+0.3761
1682,1682,59010.0716,59011.1879,+1.1163
1683,1683,59041.5001,59041.0938,-0.4063
1684,1684,59072.0022,59074.9283,+2.9261
1685,1685,59106.2014,59112.1883,+5.9869
1686,1686,59228.9802,59228.9887,+0.0085
1687,1687,59259.6631,59259.9787,+0.3156
1688,1688,59291.4657,59291.5305,+0.0648
1689,1689,59322.2705,59322.4984,+0.2279
1690,1690,59354.0228,59354.0804,+0.0576
1691,1691,59385.1208,59385.3487,+0.2279
1692,1692,59416.6939,59416.2612,-0.4327
1693,1693,59449.0395,59447.4695,-1.5700
1694,1694,59478.9856,59478.9918,+0.0062
1695,1695,59510.1339,59510.1351,+0.0012
1696,1696,59541.1746,59541.1651,-0.0094
1697,1697,59572.7034,59572.6719,-0.0315
1698,1698,59604.3507,59604.3506,-0.0000
1699,1699,59635.4777,59635.4754,-0.0023
1700,1700,59667.0413,59667.0509,+0.0096
1701,1701,59698.1188,59698.5809,+0.4621
1702,1702,59729.5438,59729.5457,+0.0020
1703,1703,59760.4198,59760.4486,+0.0288
1704,1704,59791.6745,59791.8245,+0.1499
1705,1705,59823.6684,59822.9808,-0.6876
1706,1706,59854.5610,59854.8848,+0.3238
1707,1707,59885.4865,59885.7203,+0.2338
1708,1708,59916.9668,59917.3319,+0.3651
1709,1709,59979.1067,59979.1068,+0.0000
1710,1710,60010.4622,60010.8807,+0.4185
1711,1711,60042.0681,60043.7428,+1.6747
1712,1712,60066.4678,60070.1136,+3.6458
1713,1713,60104.4596,60104.5193,+0.0596
1714,1714,60229.3106,60229.3418,+0.0311
1715,1715,60260.8279,60260.4113,-0.4166
1716,1716,60291.6939,60291.8487,+0.1548
1717,1717,60323.4647,60323.0740,-0.3906
1718,1718,60354.5594,60354.5544,-0.0050
1719,1719,60385.7176,60385.7020,-0.0157
1720,1720,60416.6042,60416.7757,+0.1715
1721,1721,60448.3546,60448.0173,-0.3373
1722,1722,60479.3091,60479.2302,-0.0789
1723,1723,60508.5068,60510.3797,+1.8729
1724,1724,60529.7990,60541.4923,+11.6933
1725,1725,60573.1457,60573.1254,-0.0203
1726,1726,60604.7346,60605.0486,+0.3140
1727,1727,60635.9124,60636.4006,+0.4882
1728,1728,60666.5931,60667.1902,+0.5971
1729,1729,60697.3201,60694.8182,-2.5019
1730,1730,60729.0733,60730.4816,+1.4083
1731,1731,60760.4361,60761.5734,+1.1373
1732,1732,60791.7155,60793.0832,+1.3676
1733,1733,60823.1176,60824.3225,+1.2049
1734,1734,60854.5299,60855.5122,+0.9823
1735,1735,60885.7596,60886.4766,+0.7170
1736,1736,60916.6459,60917.8147,+1.1688
1737,1737,60948.3963,60949.8181,+1.4217
1739,1739,61010.0716,61012.4573,+2.3857
1740,1740,61041.6200,61052.1600,+10.5400
1741,1741,61072.0872,61074.7052,+2.6180
1742,1742,61106.1993,61112.1883,+5.9890
1743,1743,61229.0011,61229.0096,+0.0085
1744,1744,61259.6839,61259.9995,+0.3156
1745,1745,61291.4865,61291.5513,+0.0648
1746,1746,61322.2914,61322.5192,+0.2279
1747,1747,61354.0436,61354.1012,+0.0576
1748,1748,61385.1416,61385.3695,+0.2279
1749,1749,61416.7147,61416.2820,-0.4327
1750,1750,61449.0593,61447.4904,-1.5689
1751,1751,61479.0064,61479.0126,+0.0062
1752,1752,61510.1547,61510.1560,+0.0012
1753,1753,61541.1954,61541.1860,-0.0094
1754,1754,61572.7242,61572.6927,-0.0315
1755,1755,61604.3715,61604.3715,-0.0000
1756,1756,61635.4985,61635.4963,-0.0023
1757,1757,61667.0621,61667.0718,+0.0096
1758,1758,61698.1397,61698.6018,+0.4621
1759,1759,61729.5240,61729.5255,+0.0015
1760,1760,61760.3990,61760.4278,+0.0288
1761,1761,61791.6537,61791.8036,+0.1499
1762,1762,61823.6475,61822.9600,-0.6875
1763,1763,61854.5980,61854.5952,-0.0028
1764,1764,61885.8149,61885.4073,-0.4076
1765,1765,61916.6748,61917.0402,+0.3654
1766,1766,61979.1899,61979.1899,-0.0000
1767,1767,62010.5456,62010.9640,+0.4184
1768,1768,62042.1514,62043.8264,+1.6750
1769,1769,62066.5548,62070.1975,+3.6427
1770,1770,62104.5430,62104.6026,+0.0596
1771,1771,62229.2690,62229.3001,+0.0311
1772,1772,62260.7862,62260.3696,-0.4166
1773,1773,62291.6522,62291.8071,+0.1548
1774,1774,62323.4230,62323.0324,-0.3907
1775,1775,62354.2845,62354.4885,+0.2040
1776,1776,62385.7176,62385.7020,-0.0157
1777,1777,62416.6042,62416.7757,+0.1715
1778,1778,62448.3546,62448.0173,-0.3373
1779,1779,62479.0479,62479.0554,+0.0075
1780,1780,62508.5705,62510.4422,+1.8717
1781,1781,62541.5039,62541.5548,+0.0509
1782,1782,62573.2082,62573.1879,-0.0203
1783,1783,62604.7567,62604.6314,-0.1253
1784,1784,62635.7723,62635.6017,-0.1706
1785,1785,62667.0186,62665.7930,-1.2257
1786,1786,62697.0471,62696.1536,-0.8935
1787,1787,62729.2999,62729.0023,-0.2976
1788,1788,62760.3528,62760.4259,+0.0731
1789,1789,62791.6322,62791.7888,+0.1566
1790,1790,62823.0342,62822.9020,-0.1322
1791,1791,62854.4165,62854.3999,-0.0166
1792,1792,62885.5165,62885.7535,+0.2370
1793,1793,62907.3933,62916.6570,+9.2637
1794,1794,62949.4331,62947.8654,-1.5677
1795,1795,62979.5004,62979.5185,+0.0181
1796,1796,63010.1131,63010.2561,+0.1430
1797,1797,63041.5416,63041.5746,+0.0329
1798,1798,63071.9851,63072.1988,+0.2137
1799,1799,63106.2405,63104.6032,-1.6373
1800,1800,63229.0844,63229.0929,+0.0085
1801,1801,63259.7673,63260.0829,+0.3156
1802,1802,63291.5699,63291.6347,+0.0648
1803,1803,63322.3747,63322.6026,+0.2279
1804,1804,63354.1826,63354.1799,-0.0027
1805,1805,63385.1416,63385.3786,+0.2370
1806,1806,63407.0243,63416.2820,+9.2577
1807,1807,63447.0671,63447.4904,+0.4233
1808,1808,63478.9844,63478.9909,+0.0065
1809,1809,63510.1339,63510.1352,+0.0012
1810,1810,63541.6570,63541.6713,+0.0143
1811,1811,63572.7034,63572.6719,-0.0315
1812,1812,63604.3506,63604.3507,+0.0000
1813,1813,63635.4777,63635.4754,-0.0023
1814,1814,63667.0413,63667.0509,+0.0096
1815,1815,63698.1188,63698.5809,+0.4621
1816,1816,63729.5240,63729.5255,+0.0015
1817,1817,63760.3990,63760.4278,+0.0288
1818,1818,63791.6537,63791.8036,+0.1499
1819,1819,63823.6475,63822.9600,-0.6875
1820,1820,63854.5960,63855.9025,+1.3065
1821,1821,63885.8245,63886.9872,+1.1627
1822,1822,63916.7448,63918.3523,+1.6075
1823,1823,63979.1276,63979.1277,+0.0001
1824,1824,64010.4831,64010.9015,+0.4185
1825,1825,64042.0889,64043.7639,+1.6750
1826,1826,64066.4871,64070.1339,+3.6468
1827,1827,64104.4805,64104.5401,+0.0596
1828,1828,64229.2898,64229.3209,+0.0311
1829,1829,64260.8071,64260.3905,-0.4166
1830,1830,64291.6731,64291.8279,+0.1548
1831,1831,64323.4438,64323.0532,-0.3906
1832,1832,64354.3053,64354.5094,+0.2040
1833,1833,64385.7385,64385.7228,-0.0157
1834,1834,64416.6250,64416.7965,+0.1715
1835,1835,64448.3755,64448.0381,-0.3374
1836,1836,64479.0267,64479.0341,+0.0074
1837,1837,64508.5436,64510.4214,+1.8777
1838,1838,64541.4831,64541.5340,+0.0509
1839,1839,64573.1874,64573.1671,-0.0203
1840,1840,64607.0863,64604.6932,-2.3931
1841,1841,64635.7725,64635.6146,-0.1578
1842,1842,64666.6579,64665.7926,-0.8654
1843,1843,64697.0407,64695.6304,-1.4103
1844,1844,64729.0522,64729.0643,+0.0121
1845,1845,64760.4153,64760.4884,+0.0731
1846,1846,64791.6947,64791.8513,+0.1566
1847,1847,64823.0967,64822.9645,-0.1322
1848,1848,64854.3097,64854.4606,+0.1508
1849,1849,64885.8013,64885.7855,-0.0158
1850,1850,64916.6875,64916.8590,+0.1715
1851,1851,64948.0926,64948.1007,+0.0080
1852,1852,64979.6319,64979.6021,-0.0299
1853,1853,65010.0507,65010.1935,+0.1428
1854,1854,65041.5992,65041.7669,+0.1677
1855,1855,65072.0665,65071.5203,-0.5461
1856,1856,65106.1805,65104.5407,-1.6398
1857,1857,65229.0219,65229.0304,+0.0085
1858,1858,65259.7048,65260.0204,+0.3156
1859,1859,65291.5074,65291.5722,+0.0648
1860,1860,65322.3122,65322.5401,+0.2279
1861,1861,65354.0645,65354.1221,+0.0576
1862,1862,65385.1625,65385.3904,+0.2279
1863,1863,65416.7356,65416.3029,-0.4327
1864,1864,65449.0803,65447.5112,-1.5691
1865,1865,65479.0053,65479.0117,+0.0065
1866,1866,65510.1548,65510.1560,+0.0012
1867,1867,65541.3168,65541.3269,+0.0100
1868,1868,65572.7242,65572.6928,-0.0315
1869,1869,65604.4247,65604.4247,-0.0000
1870,1870,65635.5402,65635.5379,-0.0023
1871,1871,65667.1038,65667.1134,+0.0096
1872,1872,65698.1813,65698.6434,+0.4621
1873,1873,65729.6323,65729.5457,-0.0865
1874,1874,65760.4199,65760.4486,+0.0288
1875,1875,65791.6745,65791.8245,+0.1499
1876,1876,65823.6683,65822.9808,-0.6875
1877,1877,65854.6111,65854.6112,+0.0002
1878,1878,65885.8983,65885.4906,-0.4077
1879,1879,65916.7581,65917.1234,+0.3654
1880,1880,65979.1692,65979.1692,-0.0000
1881,1881,66010.5247,66010.9432,+0.4184
1882,1882,66042.1306,66043.8054,+1.6749
1883,1883,66066.5303,66070.1756,+3.6453
1884,1884,66104.5221,66104.5817,+0.0596
1885,1885,66229.2898,66229.3209,+0.0311
1886,1886,66260.8071,66260.3905,-0.4166
1887,1887,66291.6731,66291.8279,+0.1548
1888,1888,66323.4438,66323.0532,-0.3906
1889,1889,66354.5335,66354.5308,-0.0027
1890,1890,66385.7593,66385.7436,-0.0157
1891,1891,66416.6459,66416.8173,+0.1715
1892,1892,66447.6261,66448.0589,+0.4328
1893,1893,66479.0476,66479.0550,+0.0074
1894,1894,66508.5698,66510.4422,+1.8724
1895,1895,66541.5039,66541.5548,+0.0509
1896,1896,66573.2082,66573.1879,-0.0203
1897,1897,66606.7461,66604.6946,-2.0515
1898,1898,66635.8130,66635.7620,-0.0511
1899,1899,66666.4890,66665.8344,-0.6545
1900,1900,66697.1223,66696.7326,-0.3897
1901,1901,66729.0725,66729.0849,+0.0123
1902,1902,66760.5885,66760.5092,-0.0793
1903,1903,66791.7155,66791.8722,+0.1566
1904,1904,66823.1176,66822.9854,-0.1322
1905,1905,66854.3663,66854.3556,-0.0108
1906,1906,66885.8013,66885.7855,-0.0158
1907,1907,66916.6875,66916.8590,+0.1715
1908,1908,66948.0926,66948.1007,+0.0080
1909,1909,66979.5568,66980.4095,+0.8527
1910,1910,67010.0924,67010.2352,+0.1428
1911,1911,67041.5209,67040.9455,-0.5754
1912,1912,67072.1383,67071.9020,-0.2363
1913,1913,67106.2220,67104.5824,-1.6396
1914,1914,67229.0219,67229.0304,+0.0085
1915,1915,67259.7048,67260.0204,+0.3156
1916,1916,67291.5074,67291.5722,+0.0648
1917,1917,67322.3122,67322.5401,+0.2279
1918,1918,67354.0645,67354.1221,+0.0576
1919,1919,67385.1625,67385.3904,+0.2279
1920,1920,67416.7356,67416.3029,-0.4327
1921,1921,67449.0799,67447.5112,-1.5687
1922,1922,67479.0490,67479.0552,+0.0062
1923,1923,67510.1964,67510.1976,+0.0012
1924,1924,67541.1109,67541.1049,-0.0061
1925,1925,67572.7659,67572.7345,-0.0315
1926,1926,67604.3867,67604.3866,-0.0001
1927,1927,67635.4985,67635.4962,-0.0023
1928,1928,67667.0621,67667.0718,+0.0096
1929,1929,67698.1397,67698.6018,+0.4621
1930,1930,67729.5646,67729.5666,+0.0020
1931,1931,67760.4407,67760.4695,+0.0288
1932,1932,67791.6954,67791.8453,+0.1499
1933,1933,67823.6890,67823.0017,-0.6874
1934,1934,67854.5999,67854.5956,-0.0042
1935,1935,67885.8149,67885.4073,-0.4077
1936,1936,67916.6746,67917.0401,+0.3655
1937,1937,67979.1275,67979.1276,+0.0000
1938,1938,68010.4831,68010.9015,+0.4184
1939,1939,68042.0889,68043.7641,+1.6752
1940,1940,68066.4871,68070.1336,+3.6466
1941,1941,68104.4805,68104.5401,+0.0596
1942,1942,68229.3106,68229.3418,+0.0311
1943,1943,68260.8279,68260.4113,-0.4166
1944,1944,68291.6939,68291.8487,+0.1548
1945,1945,68323.4647,68323.0740,-0.3907
1946,1946,68354.5544,68354.5516,-0.0027
1947,1947,68385.7801,68385.7645,-0.0157
1948,1948,68416.6667,68416.8382,+0.1715
1949,1949,68447.6470,68448.0798,+0.4328
1950,1950,68479.2363,68479.0128,-0.2234
1951,1951,68508.5248,68510.4005,+1.8758
1952,1952,68541.6836,68541.5132,-0.1704
1953,1953,68573.1666,68573.1463,-0.0203
1954,1954,68604.6903,68604.9950,+0.3047
1955,1955,68635.8450,68636.3386,+0.4936
1956,1956,68666.5306,68667.1277,+0.5971
1957,1957,68696.9562,68694.7574,-2.1988
1958,1958,68729.3416,68730.4399,+1.0983
1959,1959,68760.3944,68761.5317,+1.1373
1960,1960,68791.6739,68793.0415,+1.3676
1961,1961,68823.0759,68824.2808,+1.2049
1962,1962,68854.5321,68855.5122,+0.9801
1963,1963,68885.7596,68886.4764,+0.7167
1964,1964,68916.6459,68917.8147,+1.1688
1965,1965,68948.3963,68949.3373,+0.9410
1967,1967,69010.1341,69011.2521,+1.1180
1968,1968,69041.5626,69041.8906,+0.3280
1969,1969,69072.0647,69074.8677,+2.8030
1970,1970,69106.2640,69112.2508,+5.9868
1971,1971,69229.0219,69229.0304,+0.0085
1972,1972,69259.7048,69260.0204,+0.3156
1973,1973,69291.5074,69291.5722,+0.0648
1974,1974,69322.3122,69322.5401,+0.2279
1975,1975,69354.0238,69354.0191,-0.0047
1976,1976,69385.1833,69385.2563,+0.0730
1977,1977,69414.7717,69416.3237,+1.5520
1978,1978,69447.3356,69447.5320,+0.1965
1979,1979,69479.0480,69479.0543,+0.0062
1980,1980,69510.1964,69510.1976,+0.0012
1981,1981,69541.1110,69541.1047,-0.0063
1982,1982,69572.7659,69572.7344,-0.0315
1983,1983,69604.4387,69604.4387,-0.0000
1984,1984,69635.5610,69635.5588,-0.0023
1985,1985,69667.1246,69667.1343,+0.0096
1986,1986,69698.2022,69698.6643,+0.4621
1987,1987,69729.6271,69729.6291,+0.0020
1988,1988,69760.5032,69760.5320,+0.0288
1989,1989,69791.7579,69791.9078,+0.1499
1990,1990,69823.7516,69823.0642,-0.6875
1991,1991,69854.6210,69854.6157,-0.0053
1992,1992,69885.8358,69885.4282,-0.4076
1993,1993,69916.6954,69917.0609,+0.3655
1994,1994,69979.1692,69979.1692,-0.0000
1995,1995,70010.5247,70010.9432,+0.4185
1996,1996,70042.1305,70043.8057,+1.6752
1997,1997,70066.5318,70070.1756,+3.6438
1998,1998,70104.5221,70104.5817,+0.0596
1999,1999,70229.3106,70229.3418,+0.0311
2000,2000,70260.8279,70260.4113,-0.4166
2001,2001,70291.6939,70291.8487,+0.1548
2002,2002,70323.4647,70323.0740,-0.3907
2003,2003,70354.5743,70354.3581,-0.2163
2004,2004,70385.8010,70385.7853,-0.0157
2005,2005,70416.6875,70416.8590,+0.1715
2006,2006,70448.0926,70448.1006,+0.0080
2007,2007,70479.0261,70479.0337,+0.0075
2008,2008,70508.5452,70510.4214,+1.8762
2009,2009,70542.0787,70541.5340,-0.5447
2010,2010,70573.1874,70573.1671,-0.0203
2011,2011,70604.7112,70604.5984,-0.1128
2012,2012,70635.8681,70635.8269,-0.0413
2013,2013,70666.5515,70665.8972,-0.6543
2014,2014,70696.8293,70697.2677,+0.4384
2015,2015,70729.0738,70729.0856,+0.0118
2016,2016,70760.4361,70760.5092,+0.0731
2017,2017,70791.7155,70791.8722,+0.1566
2018,2018,70823.1176,70822.9854,-0.1322
2019,2019,70854.3306,70854.4814,+0.1508
2020,2020,70885.8221,70885.8063,-0.0158
2021,2021,70916.7084,70916.8798,+0.1715
2022,2022,70948.1135,70948.1215,+0.0080
2023,2023,70982.1675,70979.6069,-2.5606
2024,2024,71009.5991,71010.0607,+0.4616
2025,2025,71040.4980,71040.5139,+0.0159
2026,2026,71073.6602,71073.5782,-0.0820
2027,2027,71103.3968,71104.4779,+1.0811
2028,2028,71229.0636,71229.0721,+0.0085
2029,2029,71259.7464,71260.0620,+0.3156
2030,2030,71291.5490,71291.6138,+0.0648
2031,2031,71322.3539,71322.5817,+0.2279
2032,2032,71354.1242,71354.1159,-0.0083
2033,2033,71385.1624,71385.3995,+0.2371
2034,2034,71407.0574,71416.3029,+9.2455
2035,2035,71449.0803,71447.5112,-1.5691
2036,2036,71479.0053,71479.0117,+0.0065
2037,2037,71510.1548,71510.1560,+0.0012
2038,2038,71541.6779,71541.3269,-0.3510
2039,2039,71572.7242,71572.6928,-0.0315
2040,2040,71604.4247,71604.4247,-0.0000
2041,2041,71635.5402,71635.5379,-0.0023
2042,2042,71667.1038,71667.1134,+0.0096
2043,2043,71698.1813,71698.6434,+0.4621
2044,2044,71729.5865,71729.5880,+0.0015
2045,2045,71760.4615,71760.4903,+0.0288
2046,2046,71791.7162,71791.8661,+0.1499
2047,2047,71823.7099,71823.0225,-0.6874
2048,2048,71854.5959,71854.5934,-0.0025
2049,2049,71885.8774,71885.4698,-0.4076
2050,2050,71916.7373,71917.1027,+0.3654
2051,2051,71979.1483,71979.1484,+0.0000
2052,2052,72010.5039,72010.9224,+0.4184
2053,2053,72042.1097,72043.7845,+1.6748
2054,2054,72066.5087,72070.1551,+3.6464
2055,2055,72104.5013,72104.5609,+0.0596
2056,2056,72229.3523,72229.3834,+0.0311
2057,2057,72260.8696,72260.4530,-0.4166
2058,2058,72291.7356,72291.8904,+0.1548
2059,2059,72323.5063,72323.1157,-0.3906
2060,2060,72354.6212,72354.5503,-0.0709
2061,2061,72385.7801,72385.7645,-0.0157
2062,2062,72416.6667,72416.8382,+0.1715
2063,2063,72448.4171,72448.0798,-0.3373
2064,2064,72479.0893,72479.0968,+0.0075
2065,2065,72508.6099,72510.4839,+1.8739
2066,2066,72541.5456,72541.5965,+0.0509
2067,2067,72573.2499,72573.2296,-0.0203
2068,2068,72607.1488,72604.7557,-2.3932
2069,2069,72635.8350,72635.6772,-0.1578
2070,2070,72666.7204,72665.8551,-0.8654
2071,2071,72697.1030,72695.6938,-1.4092
2072,2072,72729.5283,72729.3645,-0.1639
2073,2073,72760.4153,72760.4884,+0.0731
2074,2074,72791.6947,72791.8513,+0.1566
2075,2075,72823.0968,72822.9645,-0.1322
2076,2076,72854.5953,72854.5931,-0.0021
2077,2077,72885.8221,72885.8063,-0.0158
2078,2078,72916.7084,72916.8798,+0.1715
2079,2079,72947.6886,72948.1215,+0.4329
2080,2080,72979.5986,72979.5833,-0.0152
2081,2081,73010.1549,73010.2977,+0.1428
2082,2082,73041.5834,73041.0084,-0.5750
2083,2083,73072.2008,73071.9645,-0.2362
2084,2084,73106.2829,73104.6449,-1.6380
2085,2085,73229.2719,73229.2804,+0.0085
2086,2086,73259.9548,73260.2704,+0.3156
2087,2087,73291.7574,73291.8222,+0.0648
2088,2088,73322.5622,73322.7901,+0.2279
2089,2089,73354.3087,73354.3056,-0.0031
2090,2090,73385.8349,73385.4410,-0.3939
2091,2091,73407.0923,73416.8590,+9.7667
2092,2092,73447.4935,73447.6351,+0.1417
2093,2093,73479.0071,73479.0137,+0.0066
2094,2094,73510.1547,73510.1560,+0.0013
2095,2095,73541.6779,73541.8464,+0.1685
2096,2096,73572.7242,73572.6926,-0.0315
2097,2097,73604.3971,73604.3971,+0.0000
2098,2098,73635.5194,73635.5171,-0.0023
2099,2099,73667.0830,73667.0926,+0.0096
2100,2100,73698.1605,73698.6226,+0.4621
2101,2101,73729.5657,73729.5672,+0.0015
2102,2102,73760.4407,73760.4695,+0.0288
2103,2103,73791.6954,73791.8453,+0.1499
2104,2104,73823.6891,73823.0017,-0.6874
2105,2105,73854.4908,73854.7610,+0.2702
2106,2106,73885.4128,73885.5737,+0.1610
2107,2107,73916.8413,73917.2069,+0.3656
2108,2108,73979.1900,73979.1900,-0.0000
