NowUs,TRecv,TEvalDone,TRefreshDone,TEmitDone,WallUs
1779356970406797.0,-576460696237942,-576460696237204,-576460696237202,-576460696237070,1779356970255703
1779356970662894.0,-576460695981772,-576460695976762,-576460695976754,-576460695976278,1779356970507369
1779356970917861.0,-576460695726881,-576460695726227,-576460695726225,-576460695726092,1779356970755714
1779356971172857.0,-576460695471860,-576460695470697,-576460695470695,-576460695470551,1779356971005728
1779356971427841.0,-576460695216901,-576460695216203,-576460695216200,-576460695216066,1779356971255712
1779356971682838.0,-576460694961909,-576460694961184,-576460694961182,-576460694961053,1779356971505712
1779356971938884.0,-576460694705869,-576460694704972,-576460694704970,-576460694704801,1779356971755711
1779356972193839.0,-576460694450900,-576460694450083,-576460694450081,-576460694449955,1779356972005717
1779356972448848.0,-576460694195843,-576460694194112,-576460694194107,-576460694193692,1779356972255735
1779356972704037.0,-576460693940582,-576460693938222,-576460693938217,-576460693937868,1779356972505893
1779356972908842.0,-576460693735895,-576460693735256,-576460693735254,-576460693735121,1779356972755726
1779356973163835.0,-576460693480893,-576460693480134,-576460693480132,-576460693479989,1779356973005742
1779356973418838.0,-576460693225902,-576460693225185,-576460693225183,-576460693225032,1779356973255727
1779356973673884.0,-576460692970813,-576460692969088,-576460692969084,-576460692968745,1779356973505737
1779356973929841.0,-576460692714894,-576460692714274,-576460692714272,-576460692714128,1779356973755728
1779356974184862.0,-576460692459801,-576460692458072,-576460692458066,-576460692457716,1779356974005737
1779356974439940.0,-576460692204719,-576460692197639,-576460692197632,-576460692197058,1779356974255884
1779356974694896.0,-576460691949802,-576460691948188,-576460691948185,-576460691947929,1779356974505759
1779356974950847.0,-576460691693886,-576460691693091,-576460691693089,-576460691692908,1779356974755750
1779356975205829.0,-576460691438914,-576460691438239,-576460691438237,-576460691438110,1779356975005730
1779356975411837.0,-576460691232855,-576460691230747,-576460691230744,-576460691230247,1779356975255742
1779356975667828.0,-576460690976913,-576460690976225,-576460690976224,-576460690976099,1779356975505762
1779356975923121.0,-576460690721555,-576460690714166,-576460690714162,-576460690713753,1779356975755746
1779356976178896.0,-576460690465799,-576460690464247,-576460690464243,-576460690463799,1779356976005747
1779356976438051.0,-576460690206653,-576460690205088,-576460690205084,-576460690204781,1779356976255747
1779356976692870.0,-576460689951870,-576460689951159,-576460689951157,-576460689950973,1779356976505756
1779356976947951.0,-576460689696741,-576460689695262,-576460689695258,-576460689694905,1779356976755760
1779356977202859.0,-576460689441752,-576460689438710,-576460689438706,-576460689438407,1779356977005751
1779356977406889.0,-576460689237806,-576460689236140,-576460689236136,-576460689235841,1779356977255766
1779356977662395.0,-576460688982274,-576460688981252,-576460688981250,-576460688981087,1779356977505782
1779356977916849.0,-576460688727892,-576460688727268,-576460688727267,-576460688727116,1779356977755747
1779356978171828.0,-576460688472915,-576460688472273,-576460688472271,-576460688472165,1779356978005747
1779356978427875.0,-576460688216851,-576460688215987,-576460688215983,-576460688215717,1779356978255762
1779356978682867.0,-576460687961766,-576460687960702,-576460687960698,-576460687960412,1779356978505775
1779356978947548.0,-576460687696809,-576460687695617,-576460687695612,-576460687695373,1779356978755794
1779356979157898.0,-576460687486691,-576460687484129,-576460687484119,-576460687482651,1779356979005786
1779356979414995.0,-576460687229639,-576460687227420,-576460687227414,-576460687226887,1779356979255849
1779356979672884.0,-576460686971771,-576460686969772,-576460686969762,-576460686969314,1779356979505779
1779356979929008.0,-576460686715438,-576460686709257,-576460686709243,-576460686708273,1779356979755854
1779356980184872.0,-576460686459660,-576460686457260,-576460686457248,-576460686456665,1779356980005796
1779356980441941.0,-576460686202726,-576460686200635,-576460686200627,-576460686200085,1779356980255777
1779356980696872.0,-576460685947780,-576460685945218,-576460685945211,-576460685944448,1779356980505801
1779356980952198.0,-576460685692367,-576460685689797,-576460685689787,-576460685688995,1779356980755809
1779356981157957.0,-576460685486687,-576460685485099,-576460685485092,-576460685484582,1779356981005795
1779356981413613.0,-576460685230903,-576460685228467,-576460685228458,-576460685227727,1779356981255845
1779356981668961.0,-576460684975546,-576460684973529,-576460684973522,-576460684971607,1779356981505819
1779356981925005.0,-576460684719554,-576460684715797,-576460684715786,-576460684714606,1779356981755823
1779356982183864.0,-576460684460769,-576460684459170,-576460684459163,-576460684458855,1779356982005803
1779356982448159.0,-576460684196357,-576460684193935,-576460684193921,-576460684192976,1779356982255825
1779356982704800.0,-576460683939951,-576460683939332,-576460683939329,-576460683939204,1779356982505777
1779356982908855.0,-576460683735747,-576460683733564,-576460683733559,-576460683733173,1779356982755792
1779356983173906.0,-576460683470708,-576460683466014,-576460683466004,-576460683465411,1779356983005806
1779356983429159.0,-576460683215485,-576460683211604,-576460683211591,-576460683210899,1779356983255805
1779356983691074.0,-576460682949786,-576460682945056,-576460682945046,-576460682941891,1779356983505846
1779356983952258.0,-576460682692310,-576460682690288,-576460682690275,-576460682689460,1779356983755849
1779356984156880.0,-576460682487826,-576460682487065,-576460682487061,-576460682486813,1779356984005795
1779356984411984.0,-576460682232551,-576460682229733,-576460682229725,-576460682228752,1779356984255855
1779356984667872.0,-576460681976832,-576460681974727,-576460681974722,-576460681974243,1779356984505809
1779356984922950.0,-576460681721575,-576460681718791,-576460681718778,-576460681716935,1779356984755840
1779356985179891.0,-576460681463746,-576460681460194,-576460681460184,-576460681458850,1779356985005818
1779356985439303.0,-576460681205136,-576460681198549,-576460681198537,-576460681197658,1779356985255858
1779356985700892.0,-576460680943666,-576460680940886,-576460680940875,-576460680939787,1779356985505831
1779356985955971.0,-576460680688567,-576460680686502,-576460680686492,-576460680685742,1779356985755853
1779356986159953.0,-576460680484612,-576460680481232,-576460680481226,-576460680478003,1779356986005850
1779356986415515.0,-576460680229060,-576460680226814,-576460680226806,-576460680226231,1779356986255859
1779356986672784.0,-576460679971797,-576460679970105,-576460679970097,-576460679968827,1779356986505838
1779356986933957.0,-576460679710546,-576460679707581,-576460679707568,-576460679706929,1779356986755857
1779356987189014.0,-576460679455544,-576460679453849,-576460679453842,-576460679453026,1779356987008149
1779356987445271.0,-576460679199356,-576460679197991,-576460679197981,-576460679197391,1779356987255846
1779356987699932.0,-576460678944660,-576460678940776,-576460678940766,-576460678940145,1779356987505842
1779356987955644.0,-576460678688897,-576460678681979,-576460678681968,-576460678680038,1779356987755867
1779356988159934.0,-576460678484516,-576460678482345,-576460678482336,-576460678481147,1779356988005855
1779356988416954.0,-576460678227586,-576460678225558,-576460678225547,-576460678223603,1779356988255871
1779356988675960.0,-576460677968572,-576460677965823,-576460677965814,-576460677964869,1779356988505865
1779356988932021.0,-576460677712520,-576460677710047,-576460677710037,-576460677709280,1779356988763361
1779356989186978.0,-576460677457558,-576460677454836,-576460677454825,-576460677453980,1779356989005868
1779356989450189.0,-576460677194410,-576460677189967,-576460677189955,-576460677189096,1779356989255859
1779356989704952.0,-576460676939562,-576460676937434,-576460676937424,-576460676936627,1779356989505865
1779356989908932.0,-576460676735617,-576460676733265,-576460676733254,-576460676731578,1779356989755908
1779356990169945.0,-576460676474582,-576460676472272,-576460676472263,-576460676469744,1779356990006063
1779356990424941.0,-576460676219616,-576460676212788,-576460676212777,-576460676212255,1779356990255887
1779356990681077.0,-576460675963598,-576460675960479,-576460675960471,-576460675960113,1779356990505851
1779356990937024.0,-576460675707432,-576460675705106,-576460675705096,-576460675704425,1779356990755906
1779356991195362.0,-576460675449260,-576460675448002,-576460675447984,-576460675446941,1779356991005877
1779356991451054.0,-576460675193499,-576460675190777,-576460675190766,-576460675189960,1779356991255908
1779356991705819.0,-576460674938808,-576460674937327,-576460674937319,-576460674936687,1779356991505856
1779356991909897.0,-576460674734704,-576460674732745,-576460674732733,-576460674731862,1779356991755886
1779356992164879.0,-576460674479816,-576460674478039,-576460674478034,-576460674477714,1779356992005854
1779356992419940.0,-576460674224694,-576460674220126,-576460674220116,-576460674219615,1779356992255868
1779356992674906.0,-576460673969709,-576460673967267,-576460673967259,-576460673966738,1779356992505868
1779356992933060.0,-576460673711545,-576460673709667,-576460673709658,-576460673709048,1779356992755925
1779356993190413.0,-576460673454224,-576460673450869,-576460673450860,-576460673449806,1779356993005912
1779356993446910.0,-576460673197689,-576460673194175,-576460673194168,-576460673193658,1779356993255879
1779356993705476.0,-576460672939009,-576460672936975,-576460672936965,-576460672936004,1779356993505895
1779356993909888.0,-576460672734489,-576460672732531,-576460672732523,-576460672731769,1779356993755886
1779356994166914.0,-576460672477658,-576460672475157,-576460672475147,-576460672473627,1779356994005895
1779356994424261.0,-576460672220352,-576460672218500,-576460672218490,-576460672217537,1779356994255890
1779356994682852.0,-576460671961855,-576460671959223,-576460671959219,-576460671958029,1779356994505861
1779356994940977.0,-576460671703521,-576460671693856,-576460671693846,-576460671693087,1779356994755925
1779356995195895.0,-576460671448664,-576460671446073,-576460671446062,-576460671444412,1779356995005886
1779356995455288.0,-576460671188985,-576460671186100,-576460671186090,-576460671185377,1779356995255903
1779356995659876.0,-576460670984681,-576460670979634,-576460670979626,-576460670978737,1779356995505897
1779356995914978.0,-576460670729596,-576460670725564,-576460670725555,-576460670724111,1779356995755914
1779356996174097.0,-576460670470440,-576460670468746,-576460670468735,-576460670468062,1779356996005904
1779356996431476.0,-576460670213134,-576460670198199,-576460670198188,-576460670189863,1779356996255896
1779356996688877.0,-576460669955787,-576460669953581,-576460669953575,-576460669953165,1779356996505894
1779356996946951.0,-576460669697656,-576460669694275,-576460669694265,-576460669692664,1779356996755916
1779356997202026.0,-576460669442514,-576460669440092,-576460669440083,-576460669439141,1779356997005926
1779356997405961.0,-576460669238644,-576460669235750,-576460669235742,-576460669235107,1779356997255911
1779356997661865.0,-576460668982804,-576460668980993,-576460668980985,-576460668980560,1779356997505985
1779356997920562.0,-576460668724143,-576460668723456,-576460668723451,-576460668723151,1779356997755901
1779356998175824.0,-576460668468861,-576460668466967,-576460668466962,-576460668466682,1779356998005896
1779356998433018.0,-576460668211531,-576460668209240,-576460668209231,-576460668208512,1779356998255976
1779356998687890.0,-576460667956690,-576460667952903,-576460667952892,-576460667952081,1779356998505920
1779356998908824.0,-576460667735928,-576460667735368,-576460667735364,-576460667735246,1779356998755878
1779356999165910.0,-576460667478786,-576460667477193,-576460667477188,-576460667476855,1779356999005904
1779356999421117.0,-576460667223459,-576460667220113,-576460667220102,-576460667219338,1779356999255928
1779356999678824.0,-576460666965857,-576460666964410,-576460666964406,-576460666964139,1779356999505901
1779356999935613.0,-576460666708835,-576460666706998,-576460666706993,-576460666706260,1779356999755923
1779357000191552.0,-576460666450915,-576460666447341,-576460666447333,-576460666446677,1779357000005911
1779357000449964.0,-576460666194526,-576460666191512,-576460666191498,-576460666190649,1779357000255947
1779357000706859.0,-576460665937759,-576460665936033,-576460665936020,-576460665935324,1779357000505919
1779357000910871.0,-576460665733733,-576460665731451,-576460665731442,-576460665730701,1779357000755921
1779357001166973.0,-576460665477518,-576460665475731,-576460665475720,-576460665474936,1779357001005946
1779357001424352.0,-576460665220289,-576460665218622,-576460665218615,-576460665217893,1779357001255928
1779357001679885.0,-576460664964750,-576460664962292,-576460664962280,-576460664961592,1779357001505924
1779357001939373.0,-576460664705110,-576460664702808,-576460664702798,-576460664702011,1779357001755944
1779357002197281.0,-576460664447348,-576460664444869,-576460664444861,-576460664444250,1779357002005946
1779357002455251.0,-576460664189300,-576460664187234,-576460664187224,-576460664186579,1779357002255956
1779357002658897.0,-576460663985666,-576460663983057,-576460663983048,-576460663982252,1779357002505946
1779357002915910.0,-576460663728648,-576460663727123,-576460663727113,-576460663726365,1779357002755958
1779357003170940.0,-576460663473511,-576460663471543,-576460663471534,-576460663470853,1779357003005951
1779357003425914.0,-576460663218715,-576460663216801,-576460663216793,-576460663216039,1779357003255955
1779357003681828.0,-576460662962910,-576460662962317,-576460662962315,-576460662962187,1779357003505919
1779357003937877.0,-576460662706768,-576460662704731,-576460662704723,-576460662704372,1779357003755942
1779357004193947.0,-576460662450577,-576460662448122,-576460662448112,-576460662447308,1779357004005978
1779357004449258.0,-576460662195401,-576460662192357,-576460662192347,-576460662191264,1779357004255972
1779357004703818.0,-576460661940886,-576460661939075,-576460661939071,-576460661938648,1779357004505932
1779357004909226.0,-576460661735343,-576460661729873,-576460661729863,-576460661729301,1779357004757950
1779357005166970.0,-576460661477494,-576460661475159,-576460661475148,-576460661474330,1779357005005976
1779357005422898.0,-576460661221653,-576460661219051,-576460661219042,-576460661216025,1779357005255974
1779357005680958.0,-576460660963597,-576460660961568,-576460660961557,-576460660960776,1779357005505979
1779357005936890.0,-576460660707731,-576460660706365,-576460660706357,-576460660705384,1779357005755952
1779357006197997.0,-576460660446558,-576460660443957,-576460660443947,-576460660442192,1779357006005983
1779357006410123.0,-576460660234341,-576460660232196,-576460660232186,-576460660231491,1779357006256005
1779357006667912.0,-576460659976468,-576460659971184,-576460659971173,-576460659970007,1779357006505978
1779357006923932.0,-576460659720629,-576460659718787,-576460659718776,-576460659717923,1779357006755987
1779357007179144.0,-576460659465411,-576460659463073,-576460659463062,-576460659462177,1779357007005993
1779357007434938.0,-576460659209406,-576460659207153,-576460659207144,-576460659206378,1779357007255984
1779357007689950.0,-576460658954566,-576460658951858,-576460658951821,-576460658949427,1779357007505993
1779357007945713.0,-576460658698841,-576460658695018,-576460658695008,-576460658693940,1779357007755970
1779357008201015.0,-576460658443521,-576460658439679,-576460658439669,-576460658438836,1779357008006028
1779357008406957.0,-576460658237551,-576460658234965,-576460658234954,-576460658234220,1779357008255994
1779357008662861.0,-576460657981691,-576460657978163,-576460657978153,-576460657977170,1779357008505999
1779357008920928.0,-576460657723701,-576460657721158,-576460657721151,-576460657720714,1779357008755984
1779357009180342.0,-576460657464118,-576460657449623,-576460657449612,-576460657444666,1779357009005992
1779357009440014.0,-576460657204511,-576460657202853,-576460657202841,-576460657202055,1779357009256012
1779357009696010.0,-576460656948473,-576460656946503,-576460656946492,-576460656945702,1779357009506054
1779357009951026.0,-576460656693515,-576460656691618,-576460656691606,-576460656690769,1779357009756014
1779357010205986.0,-576460656438565,-576460656437462,-576460656437458,-576460656436918,1779357010006041
1779357010410105.0,-576460656234480,-576460656227950,-576460656227939,-576460656227067,1779357010256021
1779357010665377.0,-576460655979165,-576460655976325,-576460655976313,-576460655973786,1779357010506019
1779357010926037.0,-576460655718580,-576460655716286,-576460655716277,-576460655715645,1779357010755984
1779357011181967.0,-576460655462678,-576460655460533,-576460655460524,-576460655460114,1779357011005984
1779357011442913.0,-576460655200460,-576460655197075,-576460655197065,-576460655194405,1779357011255995
1779357011699244.0,-576460654945226,-576460654941218,-576460654941206,-576460654936423,1779357011506050
1779357011906966.0,-576460654737541,-576460654736207,-576460654736197,-576460654735612,1779357011756022
1779357012161829.0,-576460654482797,-576460654481509,-576460654481502,-576460654480451,1779357012005993
1779357012417982.0,-576460654226549,-576460654224808,-576460654224797,-576460654224045,1779357012256076
1779357012674836.0,-576460653969855,-576460653968122,-576460653968111,-576460653967494,1779357012505989
1779357012930063.0,-576460653714454,-576460653713219,-576460653713210,-576460653712624,1779357012756019
1779357013185879.0,-576460653458737,-576460653454642,-576460653454633,-576460653454067,1779357013005996
1779357013449633.0,-576460653194809,-576460653193732,-576460653193726,-576460653193298,1779357013256047
1779357013704870.0,-576460652939726,-576460652937915,-576460652937905,-576460652937327,1779357013506024
1779357013908889.0,-576460652735810,-576460652733423,-576460652733418,-576460652731520,1779357013756005
1779357014164251.0,-576460652480395,-576460652478011,-576460652478006,-576460652477308,1779357014006003
1779357014422311.0,-576460652220195,-576460652217625,-576460652217616,-576460652216959,1779357014256028
1779357014688931.0,-576460651955616,-576460651950231,-576460651950220,-576460651949711,1779357014506033
1779357014944911.0,-576460651699763,-576460651697804,-576460651697799,-576460651697428,1779357014756016
1779357015200877.0,-576460651443730,-576460651442186,-576460651442175,-576460651441539,1779357015006022
1779357015456999.0,-576460651187538,-576460651184214,-576460651184202,-576460651183175,1779357015256069
1779357015662974.0,-576460650981558,-576460650978637,-576460650978625,-576460650977983,1779357015506066
1779357015918213.0,-576460650726375,-576460650724632,-576460650724625,-576460650723980,1779357015756044
1779357016172982.0,-576460650471500,-576460650468679,-576460650468668,-576460650468051,1779357016006050
1779357016430881.0,-576460650213743,-576460650211627,-576460650211619,-576460650210645,1779357016256031
1779357016694920.0,-576460649949705,-576460649948020,-576460649948012,-576460649947357,1779357016506036
1779357016950050.0,-576460649694493,-576460649691053,-576460649691041,-576460649690242,1779357016756054
1779357017204973.0,-576460649439530,-576460649436751,-576460649436740,-576460649435881,1779357017006055
1779357017408967.0,-576460649235547,-576460649232998,-576460649232987,-576460649232043,1779357017256054
1779357017664035.0,-576460648980569,-576460648977026,-576460648977016,-576460648976021,1779357017506048
1779357017921352.0,-576460648723221,-576460648720727,-576460648720715,-576460648719989,1779357017756241
1779357018176984.0,-576460648467587,-576460648465583,-576460648465572,-576460648464416,1779357018006077
1779357018432909.0,-576460648211609,-576460648209738,-576460648209725,-576460648208829,1779357018256084
1779357018687943.0,-576460647956639,-576460647954686,-576460647954674,-576460647954028,1779357018506054
1779357018946088.0,-576460647698453,-576460647695861,-576460647695851,-576460647694738,1779357018756071
1779357019201887.0,-576460647442863,-576460647442539,-576460647442537,-576460647442409,1779357019006019
1779357019406930.0,-576460647237656,-576460647235449,-576460647235439,-576460647232181,1779357019256052
1779357019662002.0,-576460646982524,-576460646979470,-576460646979459,-576460646978594,1779357019506150
1779357019924114.0,-576460646720396,-576460646718325,-576460646718312,-576460646717502,1779357019756068
1779357020179999.0,-576460646464522,-576460646462649,-576460646462639,-576460646460376,1779357020006115
1779357020436113.0,-576460646208455,-576460646207183,-576460646207176,-576460646206612,1779357020256086
1779357020690992.0,-576460645953340,-576460645952037,-576460645952028,-576460645951104,1779357020506100
1779357020947044.0,-576460645697496,-576460645696267,-576460645696260,-576460645695391,1779357020756064
1779357021202296.0,-576460645442246,-576460645440457,-576460645440447,-576460645439216,1779357021006117
1779357021408202.0,-576460645236331,-576460645230302,-576460645230287,-576460645223822,1779357021256114
1779357021664936.0,-576460644979590,-576460644977714,-576460644977700,-576460644976867,1779357021506084
1779357021919985.0,-576460644723029,-576460644720966,-576460644720959,-576460644720341,1779357021756080
1779357022177023.0,-576460644467565,-576460644464463,-576460644464452,-576460644463351,1779357022006078
1779357022433119.0,-576460644211469,-576460644209392,-576460644209383,-576460644208047,1779357022256296
1779357022687923.0,-576460643956580,-576460643949782,-576460643949776,-576460643949002,1779357022506074
1779357022942868.0,-576460643701656,-576460643699828,-576460643699820,-576460643699137,1779357022756062
1779357023198182.0,-576460643446384,-576460643444132,-576460643444121,-576460643443347,1779357023006079
1779357023457202.0,-576460643187328,-576460643184449,-576460643184437,-576460643183540,1779357023256127
1779357023665042.0,-576460642979552,-576460642977325,-576460642977318,-576460642976519,1779357023506075
1779357023933951.0,-576460642710581,-576460642709008,-576460642708998,-576460642704657,1779357023756114
1779357024201812.0,-576460642442864,-576460642440230,-576460642440224,-576460642439536,1779357024006060
1779357024406875.0,-576460642237768,-576460642236499,-576460642236490,-576460642235852,1779357024256069
1779357024665851.0,-576460641978834,-576460641977505,-576460641977501,-576460641977199,1779357024506071
1779357024920862.0,-576460641723701,-576460641720854,-576460641720846,-576460641718131,1779357024756101
1779357025175972.0,-576460641468516,-576460641464998,-576460641464990,-576460641463890,1779357025006108
1779357025431903.0,-576460641212810,-576460641212129,-576460641212126,-576460641211819,1779357025256067
1779357025689117.0,-576460640953954,-576460640947856,-576460640947846,-576460640943586,1779357025506154
1779357025948128.0,-576460640696227,-576460640691270,-576460640691259,-576460640688628,1779357025756098
1779357026204973.0,-576460640439535,-576460640434989,-576460640434981,-576460640430236,1779357026006125
1779357026410007.0,-576460640234478,-576460640228083,-576460640228069,-576460640227150,1779357026256156
1779357026665144.0,-576460639979425,-576460639976841,-576460639976828,-576460639975996,1779357026506103
1779357026919968.0,-576460639724570,-576460639719927,-576460639719921,-576460639719035,1779357026756113
1779357027175967.0,-576460639468515,-576460639465580,-576460639465569,-576460639464687,1779357027006145
1779357027431903.0,-576460639212659,-576460639210161,-576460639210150,-576460639208207,1779357027256107
1779357027686881.0,-576460638957703,-576460638954751,-576460638954744,-576460638952783,1779357027506103
1779357027942916.0,-576460638701517,-576460638698365,-576460638698354,-576460638697535,1779357027756125
1779357028198873.0,-576460638445746,-576460638443308,-576460638443299,-576460638442345,1779357028006468
1779357028454640.0,-576460638189366,-576460638187159,-576460638187147,-576460638186449,1779357028256106
1779357028659940.0,-576460637984643,-576460637982689,-576460637982681,-576460637982048,1779357028506123
1779357028918055.0,-576460637726541,-576460637724456,-576460637721031,-576460637720397,1779357028756254
1779357029175892.0,-576460637468799,-576460637467619,-576460637467616,-576460637467329,1779357029006098
1779357029433871.0,-576460637210870,-576460637210262,-576460637210260,-576460637210108,1779357029256090
1779357029692011.0,-576460636952550,-576460636950202,-576460636950191,-576460636949510,1779357029506159
1779357029953994.0,-576460636690570,-576460636688827,-576460636688815,-576460636688090,1779357029756173
1779357030158639.0,-576460636485906,-576460636483088,-576460636483078,-576460636482140,1779357030006169
1779357030416768.0,-576460636227721,-576460636225931,-576460636225921,-576460636225146,1779357030257595
1779357030681160.0,-576460635963436,-576460635961347,-576460635961341,-576460635961001,1779357030506134
1779357030937219.0,-576460635707302,-576460635704444,-576460635704430,-576460635703520,1779357030756368
1779357031197942.0,-576460635446607,-576460635444585,-576460635444579,-576460635443882,1779357031006148
1779357031455088.0,-576460635189512,-576460635186259,-576460635186248,-576460635184928,1779357031256123
1779357031659831.0,-576460634984794,-576460634980528,-576460634980518,-576460634980008,1779357031506116
1779357031918927.0,-576460634725585,-576460634723169,-576460634723162,-576460634720725,1779357031756144
1779357032176162.0,-576460634468395,-576460634466529,-576460634466516,-576460634465388,1779357032006137
1779357032431006.0,-576460634212376,-576460634206885,-576460634206877,-576460634205926,1779357032256155
1779357032692175.0,-576460633952358,-576460633950960,-576460633950952,-576460633949927,1779357032506145
1779357032948949.0,-576460633695597,-576460633692236,-576460633692226,-576460633691379,1779357032756151
1779357033203970.0,-576460633440578,-576460633439407,-576460633439396,-576460633438451,1779357033006171
1779357033407965.0,-576460633236598,-576460633234255,-576460633234246,-576460633233534,1779357033256151
1779357033663975.0,-576460632980583,-576460632978682,-576460632978671,-576460632978031,1779357033506155
1779357033919997.0,-576460632724577,-576460632721875,-576460632721864,-576460632720346,1779357033756178
1779357034177406.0,-576460632467281,-576460632466747,-576460632466742,-576460632466375,1779357034006140
1779357034431863.0,-576460632212828,-576460632211100,-576460632211095,-576460632210774,1779357034256157
1779357034687112.0,-576460631957548,-576460631955751,-576460631955746,-576460631955393,1779357034506143
1779357034943164.0,-576460631701478,-576460631700339,-576460631700331,-576460631699698,1779357034756165
1779357035198049.0,-576460631446402,-576460631444535,-576460631444523,-576460631443795,1779357035006180
1779357035453328.0,-576460631191347,-576460631189492,-576460631189483,-576460631188274,1779357035256198
1779357035657664.0,-576460630986959,-576460630985587,-576460630985581,-576460630985053,1779357035506235
1779357035914421.0,-576460630730124,-576460630728112,-576460630728100,-576460630727334,1779357035756180
1779357036172887.0,-576460630471544,-576460630469613,-576460630469604,-576460630468892,1779357036006157
1779357036427956.0,-576460630216532,-576460630213753,-576460630213743,-576460630211534,1779357036256200
1779357036685269.0,-576460629959308,-576460629957216,-576460629957210,-576460629956701,1779357036506162
1779357036942128.0,-576460629702423,-576460629699642,-576460629699632,-576460629698596,1779357036756186
1779357037198932.0,-576460629445722,-576460629444693,-576460629444684,-576460629443879,1779357037006165
1779357037407571.0,-576460629230339,-576460629229688,-576460629229683,-576460629229340,1779357037256177
1779357037669088.0,-576460628975093,-576460628973950,-576460628973939,-576460628973125,1779357037506175
1779357037927887.0,-576460628716796,-576460628716024,-576460628716020,-576460628715548,1779357037756178
1779357038183885.0,-576460628460785,-576460628458977,-576460628458969,-576460628458487,1779357038006159
1779357038439336.0,-576460628205205,-576460628202367,-576460628202357,-576460628201111,1779357038256312
1779357038695904.0,-576460627948783,-576460627947810,-576460627947806,-576460627947508,1779357038506170
1779357038951212.0,-576460627693323,-576460627691286,-576460627691276,-576460627690512,1779357038756215
1779357039160275.0,-576460627484233,-576460627482980,-576460627482970,-576460627482317,1779357039006489
1779357039418873.0,-576460627225868,-576460627225444,-576460627225442,-576460627225339,1779357039256148
1779357039675401.0,-576460626969153,-576460626967903,-576460626967894,-576460626967312,1779357039506227
1779357039937451.0,-576460626707161,-576460626704571,-576460626704565,-576460626704137,1779357039756193
1779357040193927.0,-576460626450637,-576460626444581,-576460626444572,-576460626443280,1779357040006197
1779357040453003.0,-576460626191522,-576460626189548,-576460626189536,-576460626188743,1779357040256198
1779357040656972.0,-576460625987576,-576460625986580,-576460625986572,-576460625985946,1779357040506241
1779357040912983.0,-576460625731579,-576460625730231,-576460625730222,-576460625729541,1779357040756202
1779357041168028.0,-576460625476530,-576460625474996,-576460625474987,-576460625474325,1779357041006218
1779357041423947.0,-576460625220591,-576460625219023,-576460625219013,-576460625218014,1779357041256204
1779357041679060.0,-576460624965466,-576460624963712,-576460624963703,-576460624959609,1779357041506222
1779357041937964.0,-576460624706523,-576460624703912,-576460624703904,-576460624703169,1779357041756207
1779357042195571.0,-576460624449045,-576460624447816,-576460624447807,-576460624446767,1779357042006267
1779357042408927.0,-576460624235650,-576460624233488,-576460624233480,-576460624231072,1779357042256207
1779357042663978.0,-576460623980460,-576460623977603,-576460623977594,-576460623976933,1779357042506251
1779357042923986.0,-576460623720582,-576460623716715,-576460623716706,-576460623715919,1779357042757715
1779357043183575.0,-576460623460987,-576460623459554,-576460623459546,-576460623458057,1779357043006235
1779357043444132.0,-576460623200410,-576460623198520,-576460623198508,-576460623197418,1779357043256230
1779357043700966.0,-576460622943649,-576460622941940,-576460622941932,-576460622941245,1779357043506284
1779357043922075.0,-576460622722375,-576460622720904,-576460622720896,-576460622720211,1779357043756213
1779357044178057.0,-576460622466485,-576460622465169,-576460622465159,-576460622464572,1779357044006290
1779357044437997.0,-576460622206458,-576460622204858,-576460622204845,-576460622204043,1779357044256233
1779357044692886.0,-576460621951758,-576460621950139,-576460621950136,-576460621949932,1779357044506212
1779357044941555.0,-576460621703039,-576460621696526,-576460621696517,-576460621689627,1779357044756282
1779357045197179.0,-576460621447329,-576460621446038,-576460621446027,-576460621439995,1779357045006229
1779357045406447.0,-576460621235996,-576460621235584,-576460621235579,-576460621235350,1779357045256329
1779357045664891.0,-576460620979710,-576460620978218,-576460620978210,-576460620977380,1779357045506221
1779357045922005.0,-576460620722513,-576460620719948,-576460620719941,-576460620719234,1779357045756250
1779357046178834.0,-576460620465447,-576460620463264,-576460620463254,-576460620462249,1779357046006229
1779357046439967.0,-576460620204547,-576460620201617,-576460620201609,-576460620199522,1779357046256250
1779357046695862.0,-576460619948727,-576460619946838,-576460619946828,-576460619945541,1779357046506215
1779357046950961.0,-576460619692727,-576460619688800,-576460619688772,-576460619687947,1779357046756248
1779357047158958.0,-576460619485558,-576460619483178,-576460619483166,-576460619482301,1779357047006250
1779357047415104.0,-576460619229490,-576460619225611,-576460619225601,-576460619225014,1779357047256238
1779357047671966.0,-576460618972414,-576460618967434,-576460618967426,-576460618966870,1779357047506256
1779357047928889.0,-576460618715696,-576460618714026,-576460618714018,-576460618713272,1779357047756253
1779357048183874.0,-576460618460806,-576460618458997,-576460618458993,-576460618457743,1779357048006252
1779357048445856.0,-576460618198890,-576460618198350,-576460618198348,-576460618198224,1779357048256252
1779357048706859.0,-576460617937687,-576460617935985,-576460617935973,-576460617935365,1779357048506239
1779357048915516.0,-576460617729047,-576460617727637,-576460617727627,-576460617725647,1779357048756245
1779357049170929.0,-576460617473591,-576460617470934,-576460617470925,-576460617470359,1779357049006249
1779357049429771.0,-576460617214820,-576460617209404,-576460617209400,-576460617209150,1779357049256272
1779357049694120.0,-576460616950258,-576460616947378,-576460616947368,-576460616946594,1779357049506253
1779357049952948.0,-576460616691577,-576460616689863,-576460616689854,-576460616689309,1779357049756286
1779357050157978.0,-576460616486669,-576460616485303,-576460616485299,-576460616484755,1779357050006229
1779357050412953.0,-576460616231601,-576460616229673,-576460616229665,-576460616226371,1779357050256258
1779357050675600.0,-576460615968971,-576460615967273,-576460615967268,-576460615966999,1779357050506966
1779357050931576.0,-576460615712953,-576460615710565,-576460615710556,-576460615710107,1779357050756281
1779357051193900.0,-576460615450670,-576460615449502,-576460615449494,-576460615448988,1779357051006260
1779357051451071.0,-576460615193397,-576460615191218,-576460615191205,-576460615190091,1779357051256355
1779357051659002.0,-576460614985487,-576460614984215,-576460614984207,-576460614983492,1779357051506304
1779357051916887.0,-576460614726566,-576460614725256,-576460614725247,-576460614724658,1779357051758147
1779357052174802.0,-576460614469828,-576460614468663,-576460614468656,-576460614467670,1779357052006357
1779357052429844.0,-576460614214871,-576460614213452,-576460614213448,-576460614213129,1779357052256237
1779357052685937.0,-576460613958733,-576460613958119,-576460613958113,-576460613957870,1779357052506247
1779357052940826.0,-576460613703926,-576460613703407,-576460613703405,-576460613703282,1779357052756233
1779357053195893.0,-576460613448775,-576460613446559,-576460613446550,-576460613445898,1779357053006256
1779357053453326.0,-576460613191279,-576460613187446,-576460613187436,-576460613186427,1779357053256304
1779357053661164.0,-576460612983533,-576460612981280,-576460612981276,-576460612978662,1779357053506278
1779357053918012.0,-576460612726645,-576460612717362,-576460612717358,-576460612716225,1779357053756403
1779357054179913.0,-576460612464691,-576460612463210,-576460612463200,-576460612462418,1779357054006281
1779357054446908.0,-576460612196844,-576460612195564,-576460612195560,-576460612195222,1779357054256332
1779357054656840.0,-576460611987894,-576460611987295,-576460611987293,-576460611987166,1779357054506247
1779357054916954.0,-576460611727600,-576460611726200,-576460611726194,-576460611725506,1779357054756290
1779357055172752.0,-576460611471938,-576460611471049,-576460611471044,-576460611470704,1779357055006262
1779357055427878.0,-576460611216725,-576460611213953,-576460611213944,-576460611213060,1779357055256302
1779357055683830.0,-576460610960726,-576460610957671,-576460610957661,-576460610956847,1779357055506288
1779357055939959.0,-576460610704009,-576460610700118,-576460610700108,-576460610699470,1779357055756296
1779357056199887.0,-576460610444730,-576460610441953,-576460610441945,-576460610441128,1779357056006280
1779357056417863.0,-576460610226777,-576460610225404,-576460610225401,-576460610225109,1779357056256282
1779357056672848.0,-576460609971839,-576460609970744,-576460609970741,-576460609970483,1779357056506267
1779357056927935.0,-576460609716627,-576460609715345,-576460609715336,-576460609714711,1779357056756322
1779357057184023.0,-576460609460516,-576460609457549,-576460609457541,-576460609457011,1779357057006299
1779357057441039.0,-576460609203657,-576460609199082,-576460609199076,-576460609198629,1779357057256447
1779357057695972.0,-576460608948445,-576460608946429,-576460608946419,-576460608945859,1779357057506309
1779357057953859.0,-576460608690840,-576460608689206,-576460608689203,-576460608688856,1779357057756281
1779357058158028.0,-576460608486568,-576460608485070,-576460608485066,-576460608484769,1779357058006318
1779357058412913.0,-576460608231710,-576460608225382,-576460608225373,-576460608224229,1779357058256317
1779357058668849.0,-576460607975846,-576460607974031,-576460607974025,-576460607973626,1779357058506284
1779357058929253.0,-576460607715458,-576460607714614,-576460607714611,-576460607714413,1779357058756286
1779357059187278.0,-576460607457295,-576460607455662,-576460607455653,-576460607454963,1779357059006390
1779357059442900.0,-576460607201655,-576460607199753,-576460607199742,-576460607198994,1779357059256324
1779357059701777.0,-576460606942888,-576460606940947,-576460606940938,-576460606940054,1779357059506299
1779357059906813.0,-576460606737873,-576460606733793,-576460606733788,-576460606732881,1779357059756312
1779357060164952.0,-576460606479641,-576460606475664,-576460606475653,-576460606474808,1779357060007743
1779357060419961.0,-576460606224698,-576460606223079,-576460606223070,-576460606222127,1779357060256300
1779357060676858.0,-576460605967842,-576460605966752,-576460605966749,-576460605966499,1779357060506297
1779357060931837.0,-576460605712875,-576460605711723,-576460605711719,-576460605711419,1779357060756297
1779357061186881.0,-576460605457822,-576460605456318,-576460605456314,-576460605455973,1779357061006301
1779357061444296.0,-576460605200198,-576460605199127,-576460605199123,-576460605198840,1779357061256300
1779357061698863.0,-576460604945645,-576460604942619,-576460604942613,-576460604942066,1779357061506308
1779357061954880.0,-576460604689860,-576460604689149,-576460604689147,-576460604689014,1779357061756293
1779357062158832.0,-576460604485904,-576460604485211,-576460604485209,-576460604485067,1779357062006294
1779357062413832.0,-576460604230862,-576460604230193,-576460604230191,-576460604230040,1779357062256294
1779357062668830.0,-576460603975906,-576460603975189,-576460603975187,-576460603975058,1779357062506295
1779357062923837.0,-576460603720900,-576460603720157,-576460603720155,-576460603720029,1779357062756296
1779357063178838.0,-576460603465905,-576460603465194,-576460603465192,-576460603465020,1779357063006301
1779357063433890.0,-576460603210832,-576460603210243,-576460603210241,-576460603210116,1779357063256319
1779357063688842.0,-576460602955899,-576460602955245,-576460602955243,-576460602955088,1779357063506302
1779357063943832.0,-576460602700910,-576460602700221,-576460602700219,-576460602700096,1779357063756303
1779357064198839.0,-576460602445912,-576460602445346,-576460602445343,-576460602445205,1779357064006305
1779357064453871.0,-576460602190784,-576460602187340,-576460602187333,-576460602186978,1779357064256323
1779357064658848.0,-576460601985865,-576460601984775,-576460601984771,-576460601984516,1779357064506318
1779357064913868.0,-576460601730827,-576460601728720,-576460601728713,-576460601728272,1779357064756326
1779357065169810.0,-576460601474878,-576460601472883,-576460601472876,-576460601472296,1779357065006325
1779357065425890.0,-576460601218838,-576460601218235,-576460601218233,-576460601218095,1779357065256332
1779357065680836.0,-576460600963908,-576460600963362,-576460600963361,-576460600963237,1779357065506312
1779357065935842.0,-576460600708900,-576460600708380,-576460600708378,-576460600708208,1779357065756315
1779357066190812.0,-576460600453922,-576460600453161,-576460600453159,-576460600453025,1779357066006316
1779357066445879.0,-576460600198864,-576460600198137,-576460600198135,-576460600197961,1779357066256325
1779357066700817.0,-576460599943932,-576460599943381,-576460599943379,-576460599943249,1779357066506316
1779357066955863.0,-576460599688885,-576460599688371,-576460599688369,-576460599688230,1779357066756318
1779357067159827.0,-576460599484917,-576460599484402,-576460599484400,-576460599484227,1779357067006325
1779357067414829.0,-576460599229889,-576460599229100,-576460599229098,-576460599228963,1779357067256326
1779357067672007.0,-576460598972333,-576460598970063,-576460598970059,-576460598969748,1779357067506344
1779357067927849.0,-576460598716832,-576460598713838,-576460598713831,-576460598713472,1779357067756342
1779357068182874.0,-576460598461800,-576460598460190,-576460598460185,-576460598459614,1779357068006357
1779357068437844.0,-576460598206849,-576460598206306,-576460598206304,-576460598206159,1779357068256337
1779357068693897.0,-576460597950844,-576460597950242,-576460597950240,-576460597950126,1779357068506331
1779357068948828.0,-576460597695911,-576460597695411,-576460597695410,-576460597695254,1779357068756333
1779357069203825.0,-576460597440925,-576460597440388,-576460597440386,-576460597440261,1779357069006337
1779357069407829.0,-576460597236924,-576460597236380,-576460597236379,-576460597236224,1779357069256334
1779357069662868.0,-576460596981764,-576460596979402,-576460596979393,-576460596978997,1779357069506350
1779357069917835.0,-576460596726861,-576460596726309,-576460596726307,-576460596726194,1779357069756343
1779357070172844.0,-576460596471893,-576460596471345,-576460596471343,-576460596471222,1779357070006344
1779357070427842.0,-576460596216901,-576460596216336,-576460596216334,-576460596216129,1779357070256342
1779357070682832.0,-576460595961898,-576460595961063,-576460595961061,-576460595960949,1779357070506347
1779357070937828.0,-576460595706870,-576460595706262,-576460595706260,-576460595706111,1779357070756346
1779357071192823.0,-576460595451917,-576460595451202,-576460595451199,-576460595451009,1779357071006348
1779357071447823.0,-576460595196926,-576460595196367,-576460595196364,-576460595196193,1779357071256347
1779357071702832.0,-576460594941899,-576460594941193,-576460594941191,-576460594941092,1779357071506352
1779357071906853.0,-576460594737876,-576460594737141,-576460594737139,-576460594737038,1779357071756356
1779357072161882.0,-576460594482845,-576460594482280,-576460594482279,-576460594482156,1779357072006400
1779357072416837.0,-576460594227908,-576460594227339,-576460594227337,-576460594227181,1779357072256356
1779357072671894.0,-576460593972683,-576460593970538,-576460593970532,-576460593970047,1779357072506375
1779357072926890.0,-576460593717767,-576460593713682,-576460593713677,-576460593713293,1779357072756386
1779357073183852.0,-576460593460836,-576460593459896,-576460593459894,-576460593459753,1779357073006372
1779357073438833.0,-576460593205904,-576460593205255,-576460593205252,-576460593205111,1779357073256364
1779357073693858.0,-576460592950844,-576460592950279,-576460592950278,-576460592950174,1779357073506376
1779357073948835.0,-576460592695899,-576460592695227,-576460592695225,-576460592695059,1779357073756378
1779357074203825.0,-576460592440912,-576460592440062,-576460592440061,-576460592439959,1779357074006366
1779357074407826.0,-576460592236925,-576460592236396,-576460592236394,-576460592236277,1779357074256365
1779357074662873.0,-576460591981865,-576460591981184,-576460591981182,-576460591981037,1779357074506370
1779357074917920.0,-576460591726820,-576460591726244,-576460591726242,-576460591726106,1779357074756454
1779357075172869.0,-576460591471869,-576460591471348,-576460591471345,-576460591471189,1779357075006373
1779357075427839.0,-576460591216912,-576460591216340,-576460591216338,-576460591216198,1779357075256373
1779357075682840.0,-576460590961893,-576460590961172,-576460590961170,-576460590961035,1779357075506379
1779357075937858.0,-576460590706848,-576460590706298,-576460590706296,-576460590706147,1779357075756384
1779357076192839.0,-576460590451900,-576460590451322,-576460590451320,-576460590451161,1779357076006383
1779357076447850.0,-576460590196886,-576460590196539,-576460590196537,-576460590196362,1779357076256393
1779357076702957.0,-576460589941780,-576460589941284,-576460589941282,-576460589941147,1779357076506383
1779357076906830.0,-576460589737905,-576460589737526,-576460589737524,-576460589737382,1779357076756389
1779357077161914.0,-576460589482826,-576460589482503,-576460589482501,-576460589482406,1779357077006391
1779357077416849.0,-576460589227894,-576460589227580,-576460589227578,-576460589227472,1779357077256388
1779357077671924.0,-576460588972807,-576460588972444,-576460588972442,-576460588972326,1779357077506389
1779357077926836.0,-576460588717905,-576460588717393,-576460588717391,-576460588717273,1779357077756391
1779357078181933.0,-576460588462742,-576460588461185,-576460588461178,-576460588460838,1779357078006404
1779357078438023.0,-576460588205845,-576460588204226,-576460588204217,-576460588203543,1779357078256490
1779357078694977.0,-576460587949653,-576460587947101,-576460587947091,-576460587946559,1779357078506436
1779357078949904.0,-576460587694687,-576460587693600,-576460587693593,-576460587692702,1779357078756443
1779357079157903.0,-576460587486774,-576460587485502,-576460587485494,-576460587485161,1779357079006421
1779357079415999.0,-576460587228635,-576460587226874,-576460587226866,-576460587223379,1779357079256429
1779357079671865.0,-576460586972874,-576460586972521,-576460586972519,-576460586972411,1779357079506410
1779357079928167.0,-576460586716452,-576460586714121,-576460586714111,-576460586713597,1779357079756457
1779357080182970.0,-576460586461622,-576460586460163,-576460586460155,-576460586459030,1779357080006434
1779357080440945.0,-576460586203718,-576460586199649,-576460586199642,-576460586198894,1779357080256459
1779357080695934.0,-576460585948729,-576460585946746,-576460585946737,-576460585946366,1779357080506428
1779357080951030.0,-576460585693545,-576460585690226,-576460585690217,-576460585689418,1779357080756447
1779357081158021.0,-576460585486603,-576460585485491,-576460585485481,-576460585484581,1779357081006433
1779357081413474.0,-576460585230624,-576460585229156,-576460585229151,-576460585228907,1779357081256453
1779357081669118.0,-576460584975627,-576460584975290,-576460584975288,-576460584975159,1779357081506423
1779357081923996.0,-576460584720749,-576460584720413,-576460584720411,-576460584720267,1779357081756417
1779357082178819.0,-576460584465924,-576460584465607,-576460584465605,-576460584465468,1779357082006420
1779357082434043.0,-576460584210693,-576460584210345,-576460584210343,-576460584210237,1779357082256420
